pk_ins,Place of interest,ins_latitude,ins_longitude,bicimad_latitude,bicimad_longitude,distance,Station location,Station ID,BiciMAD station
11353987,Instalación Deportiva  Básica Embalse de San Juan,40.36264285659688,-3.5981484314802064,40.400368,-3.634587,5844.2832772656075,Calle Hacienda de Pavones nº 342,229.0,Pavones
6344681,Instalación Deportiva Básica Alto del Retiro,40.36751469466709,-3.588264644913803,40.400368,-3.634587,6330.202181471886,Calle Hacienda de Pavones nº 342,229.0,Pavones
11350944,Instalación Deportiva Básica Avenida de Cerro Milano,40.36861899124304,-3.618356801446381,40.400368,-3.634587,3970.9661460476823,Calle Hacienda de Pavones nº 342,229.0,Pavones
11350990,Instalación Deportiva Básica Avenida de las Suertes,40.37029726652408,-3.6120673755658,40.400368,-3.634587,4185.103647802616,Calle Hacienda de Pavones nº 342,229.0,Pavones
11350948,Instalación Deportiva Básica Avenida del Ensanche de Vallecas,40.37029726652408,-3.6120673755658,40.400368,-3.634587,4185.103647802616,Calle Hacienda de Pavones nº 342,229.0,Pavones
11350970,Instalación Deportiva Básica Avenida del Mediterráneo,40.40126476374574,-3.670479840720475,40.4032501,-3.6726019,323.8467019502896,Calle Doctor Esquerdo nº 191,89.0,Valderribas
4540130,Instalación Deportiva Básica Camino de la Suerte,40.37581378381724,-3.617327043456161,40.400368,-3.634587,3343.3154319745004,Calle Hacienda de Pavones nº 342,229.0,Pavones
4540101,Instalación Deportiva Básica Circuito de Automodelismo,40.3728517892704,-3.626705109538528,40.400368,-3.634587,3186.7645289066263,Calle Hacienda de Pavones nº 342,229.0,Pavones
4538536,Instalación Deportiva Básica Colonia Vilda,40.38154336396018,-3.610581791001682,40.400368,-3.634587,3400.125732015549,Calle Hacienda de Pavones nº 342,229.0,Pavones
11352297,Instalación Deportiva Básica Eduardo Chillida,40.36302244550467,-3.585074019427532,40.400368,-3.634587,6912.557518224716,Calle Hacienda de Pavones nº 342,229.0,Pavones
10927053,Instalación Deportiva Básica Jardines de José Luis Sampedro (junto al Centro Cultural Galileo),40.43386078113328,-3.710817294009322,40.4338516,-3.708439,265.30832718481315,Calle Fernando el Católico nº 19,168.0,Fernando el Católico
10925321,Instalación Deportiva Básica Jardines del Teniente Alcalde,40.43935627177327,-3.704371546221416,40.4386944,-3.7038333,95.04608123382545,Calle José Abascal frente al nº 2,209.0,Canal
4538305,Instalación Deportiva Básica La Unión,40.383448627578446,-3.6148637823176353,40.400368,-3.634587,2896.086352343644,Calle Hacienda de Pavones nº 342,229.0,Pavones
4538164,Instalación Deportiva Básica Nuestra Señora de la Torre,40.37850528372228,-3.6160557738839376,40.400368,-3.634587,3193.0715505485905,Calle Hacienda de Pavones nº 342,229.0,Pavones
4539403,Instalación Deportiva Básica P.A.R. Castrillo de Aza,40.38626820789469,-3.608600721310189,40.400368,-3.634587,3296.252708233333,Calle Hacienda de Pavones nº 342,229.0,Pavones
11354193,Instalación Deportiva Básica Parkour,40.37009915307182,-3.6134620847270176,40.400368,-3.634587,4111.677402346434,Calle Hacienda de Pavones nº 342,229.0,Pavones
5542270,Instalación Deportiva Básica Parque Real de Arganda,40.37949103344629,-3.615099935376509,40.400368,-3.634587,3182.0972461052393,Calle Hacienda de Pavones nº 342,229.0,Pavones
4539259,Instalación Deportiva Básica Parque Santa Eugenia,40.38131130575197,-3.608459149580722,40.400368,-3.634587,3604.6839902426345,Calle Hacienda de Pavones nº 342,229.0,Pavones
11358733,Instalación Deportiva Básica Parque Villa de Vallecas,40.37277996162931,-3.6253783281885656,40.400368,-3.634587,3238.3082597958974,Calle Hacienda de Pavones nº 342,229.0,Pavones
10923929,Instalación Deportiva Básica Parque de Enrique Herreros,40.43935627177327,-3.704371546221416,40.4386944,-3.7038333,95.04608123382545,Calle José Abascal frente al nº 2,209.0,Canal
11360319,Instalación Deportiva Básica Parque del Cementerio,40.37710310380217,-3.618506339132532,40.400368,-3.634587,3150.3254588429872,Calle Hacienda de Pavones nº 342,229.0,Pavones
11358753,Instalación Deportiva Básica Parroquia Santa Eugenia,40.38008195615357,-3.608267379645755,40.400368,-3.634587,3703.813425475522,Calle Hacienda de Pavones nº 342,229.0,Pavones
11358766,Instalación Deportiva Básica Peñaranda de Bracamonte,40.37533906377627,-3.604183911642277,40.400368,-3.634587,4389.001389074492,Calle Hacienda de Pavones nº 342,229.0,Pavones
11358784,Instalación Deportiva Básica Pista de Patinaje,40.37277996162931,-3.6253783281885656,40.400368,-3.634587,3238.3082597958974,Calle Hacienda de Pavones nº 342,229.0,Pavones
4540082,Instalación Deportiva Básica Poza de la Sal,40.37912373319082,-3.602985128269273,40.400368,-3.634587,4244.750554287778,Calle Hacienda de Pavones nº 342,229.0,Pavones
4539953,Instalación Deportiva Básica Puentelarra,40.38324470241852,-3.6091362899378696,40.400368,-3.634587,3419.413694873305,Calle Hacienda de Pavones nº 342,229.0,Pavones
11358829,Instalación Deportiva Básica Puerto Lumbreras,40.37930773206432,-3.603034130954479,40.400368,-3.634587,4228.823110350033,Calle Hacienda de Pavones nº 342,229.0,Pavones
6344730,Instalación Deportiva Básica Rocódromo,40.37678620920142,-3.608936762154641,40.400368,-3.634587,3882.91496852196,Calle Hacienda de Pavones nº 342,229.0,Pavones
10520719,Instalación Deportiva Básica Sala Municipal de Esgrima,40.440630566426094,-3.709029718996936,40.4411388,-3.7080833,119.77963667551728,Calle Santander esquina con Avenida de Filipinas,210.0,Parque Santander
11359398,Instalación Deportiva Básica Santa Eugenia,40.38004993117393,-3.6015066796262865,40.400368,-3.634587,4327.890423738289,Calle Hacienda de Pavones nº 342,229.0,Pavones
11358863,Instalación Deportiva Básica Skate Real de Arganda,40.37949103344629,-3.615099935376509,40.400368,-3.634587,3182.0972461052393,Calle Hacienda de Pavones nº 342,229.0,Pavones
11358872,Instalación Deportiva Básica Stela Maris,40.37533906377627,-3.604183911642277,40.400368,-3.634587,4389.001389074492,Calle Hacienda de Pavones nº 342,229.0,Pavones
4642625,Instalación Deportiva Municipal Básica Abrantes - Colonia Velázquez,40.37480368698169,-3.734643175737238,40.398247,-3.716591,3296.357428816516,Glorieta Marqués de Vadillo nº 9,220.0,Marqués de Vadillo
4554452,Instalación Deportiva Municipal Básica Alameda de Osuna I,40.451251451000815,-3.590562683954837,40.429706,-3.640994,6115.159739153653,Calle Gutierre de Cetina nº 77,223.0,Gutierre de Cetina
4555959,Instalación Deportiva Municipal Básica Alas,40.472046513237736,-3.5847993053542355,40.44370542379883,-3.648958444298144,7820.984670454269,Calle Carlota O'Neill nº 32,238.0,Carlota O’Neill
4557041,Instalación Deportiva Municipal Básica Albaicín,40.36818417178253,-3.702392476781408,40.38895,-3.70017,2324.898156774213,Calle Antonio López nº 129,221.0,Glorieta de Cádiz
4557439,Instalación Deportiva Municipal Básica Albaida,40.430241502639134,-3.619981910665231,40.429706,-3.640994,2344.516581969323,Calle Gutierre de Cetina nº 77,223.0,Gutierre de Cetina
4528002,Instalación Deportiva Municipal Básica Alcalde Martín de Alzaga,40.46295611393323,-3.716129120337457,40.45673408797698,-3.708002730875242,1140.8471049539473,Calle Francos Rodríguez nº 62,247.0,Francos Rodríguez
4557476,Instalación Deportiva Municipal Básica Alerce,40.365063948772985,-3.695446430865286,40.38895,-3.70017,2710.68958764033,Calle Antonio López nº 129,221.0,Glorieta de Cádiz
4527220,Instalación Deportiva Municipal Básica Alfonso XIII,40.45990434942118,-3.669142805075655,40.4572466,-3.6763439,856.0248837828407,Calle Colombia nº 7,172.0,Colombia
4556014,Instalación Deportiva Municipal Básica Alhaurín,40.47351067334567,-3.585649589064375,40.44370542379883,-3.648958444298144,7802.203940670802,Calle Carlota O'Neill nº 32,238.0,Carlota O’Neill
4542702,Instalación Deportiva Municipal Básica Alicún,40.47947157886463,-3.661361646257895,40.4716,-3.68391,2663.502914120788,Calle Rodríguez Jaén nº 40,260.0,Chamartín
4542003,Instalación Deportiva Municipal Básica Aliseda,40.3761084833036,-3.74193729795335,40.398247,-3.716591,3750.786463378758,Glorieta Marqués de Vadillo nº 9,220.0,Marqués de Vadillo
4548436,Instalación Deportiva Municipal Básica Almudena,40.41909002674735,-3.62966306755892,40.429706,-3.640994,1730.3187731385526,Calle Gutierre de Cetina nº 77,223.0,Gutierre de Cetina
4556653,Instalación Deportiva Municipal Básica Ambulatorio (El Paraiso),40.425607242600144,-3.6256685841403034,40.429706,-3.640994,1769.2978355972602,Calle Gutierre de Cetina nº 77,223.0,Gutierre de Cetina
5695851,Instalación Deportiva Municipal Básica Americio,40.356238545684384,-3.6827549805431934,40.389258643579105,-3.6903589643353483,3772.3800034162623,Calle Sodio nº 1B,243.0,Embajadores 191
6310149,Instalación Deportiva Municipal Básica Ana Tutor,40.49087287315406,-3.6865580970863943,40.481086,-3.688463,1109.99886316332,Calle Pedro Rico nº 4,225.0,Pedro Rico
4584548,Instalación Deportiva Municipal Básica Andévalo,40.374404666864585,-3.668237382541929,40.39382977920336,-3.6659362429356372,2177.5753688422114,Calle Arroyo del Olivar nº 6,236.0,Concordia
4547544,Instalación Deportiva Municipal Básica Anfevi,40.403438145048085,-3.640076254498283,40.400368,-3.634587,701.2197417285211,Calle Hacienda de Pavones nº 342,229.0,Pavones
4527275,Instalación Deportiva Municipal Básica Aniceto Marinas,40.43121588404326,-3.7336179867525616,40.43896,-3.72997,953.2988972090566,Avenida Juan de Herrera frente a la calle Paul Guinard,265.0,INEF
4528176,Instalación Deportiva Municipal Básica Antonio Machado,40.46606393146319,-3.71907563377333,40.45673408797698,-3.708002730875242,1613.8318703055781,Calle Francos Rodríguez nº 62,247.0,Francos Rodríguez
4548451,Instalación Deportiva Municipal Básica Antonio Pirala,40.43075144945157,-3.6596933792999033,40.4311944,-3.6590555,86.56903003818492,Avenida de Daroca nº 2,196.0,Puente de Ventas
4557447,Instalación Deportiva Municipal Básica Arcaute,40.443627672731296,-3.576711464888384,40.429706,-3.640994,7335.688357316741,Calle Gutierre de Cetina nº 77,223.0,Gutierre de Cetina
4556739,Instalación Deportiva Municipal Básica Arcos de Jalón,40.42425405686439,-3.615942488088141,40.429706,-3.640994,2859.4716432004843,Calle Gutierre de Cetina nº 77,223.0,Gutierre de Cetina
4670017,Instalación Deportiva Municipal Básica Arequipa,40.46888551843247,-3.6390339556431934,40.44370542379883,-3.648958444298144,3013.721315531918,Calle Carlota O'Neill nº 32,238.0,Carlota O’Neill
4543757,Instalación Deportiva Municipal Básica Arganda,40.40011363617556,-3.708097745547213,40.3974444,-3.7065277,344.91467294889554,Paseo de Yeserías nº 45,182.0,Madrid Río-Yeserías
4580352,Instalación Deportiva Municipal Básica Arjona,40.39998426244181,-3.7486569900905633,40.40913630273305,-3.728533714316331,2465.2557803903246,Calle Caramuel nº 51,232.0,Caramuel
4548716,Instalación Deportiva Municipal Básica Arriaga,40.425090271008656,-3.642721665241288,40.429706,-3.640994,548.7709148438877,Calle Gutierre de Cetina nº 77,223.0,Gutierre de Cetina
6349189,Instalación Deportiva Municipal Básica Arroyo Belincoso,40.41206030334087,-3.651284078326445,40.40617,-3.65122,655.74452483843,Calle Arroyo de las Pilillas nº 6,228.0,Plaza del Encuentro
4547664,Instalación Deportiva Municipal Básica Arroyo Fontarrón,40.39571737351038,-3.636809858433754,40.400368,-3.634587,574.017692493737,Calle Hacienda de Pavones nº 342,229.0,Pavones
4549867,Instalación Deportiva Municipal Básica Arroyo Media Legua,40.42248384692211,-3.64868008730734,40.426207143200884,-3.651034981803642,490.70343391361126,Avenida Marqués de Corbera nº 52,242.0,Marqués de Corbera 52
4643501,Instalación Deportiva Municipal Básica Arroyo de Opañel,40.38849471888208,-3.717872942583152,40.398247,-3.716591,1094.9973863959206,Glorieta Marqués de Vadillo nº 9,220.0,Marqués de Vadillo
4560369,Instalación Deportiva Municipal Básica Aster,40.45643308528734,-3.664945117466593,40.4572466,-3.6763439,1274.7359797951485,Calle Colombia nº 7,172.0,Colombia
5716920,Instalación Deportiva Municipal Básica Auditorio de Chamartín,40.44549718316204,-3.677183546596661,40.4442258,-3.6787169,222.0064243801041,Calle María Francisca nº 1,155.0,María Francisca 1
4547666,Instalación Deportiva Municipal Básica Auditorio de Moratalaz,40.40142760716397,-3.6370875655785446,40.400368,-3.634587,302.8389899997532,Calle Hacienda de Pavones nº 342,229.0,Pavones
4547674,Instalación Deportiva Municipal Básica Avenida Moratalaz M-30,40.40799695992161,-3.6624292972075247,40.41053,-3.65779,589.3359507551588,Calle Camino de los Vinateros nº 28,226.0,Camino Vinateros
4542915,Instalación Deportiva Municipal Básica Avenida San Luis I,40.47176777610935,-3.655234408097839,40.46041,-3.67712,2749.263924345883,Avenida Pío XII nº 3,262.0,Pío XII
4546485,Instalación Deportiva Municipal Básica Avenida de Burgos,40.47596608610469,-3.6755548165742606,40.4716,-3.68391,1051.132662425677,Calle Rodríguez Jaén nº 40,260.0,Chamartín
4541420,Instalación Deportiva Municipal Básica Ayacucho,40.46980031598844,-3.6352736110765855,40.44370542379883,-3.648958444298144,3281.521925303306,Calle Carlota O'Neill nº 32,238.0,Carlota O’Neill
11080873,Instalación Deportiva Municipal Básica Bacares,40.476321176468005,-3.6624133831469945,40.46041,-3.67712,2414.2213507832644,Avenida Pío XII nº 3,262.0,Pío XII
4543101,Instalación Deportiva Municipal Básica Bacares (fútbol),40.47743047451657,-3.663819108324953,40.4716,-3.68391,2333.2058322839007,Calle Rodríguez Jaén nº 40,260.0,Chamartín
4556115,Instalación Deportiva Municipal Básica Bahía de Santander II,40.46527791543298,-3.594188775058509,40.429706,-3.640994,6552.59374779937,Calle Gutierre de Cetina nº 77,223.0,Gutierre de Cetina
4548713,Instalación Deportiva Municipal Básica Barceló,40.42677040240585,-3.699382450864087,40.4266828,-3.700423,116.48425432216052,Calle Barceló nº 7,58.0,Barceló
4541265,Instalación Deportiva Municipal Básica Barrio El Querol - Spartak de Manoteras,40.480800850285206,-3.659267661643925,40.47938,-3.68532,2910.4012168553213,Paseo de la Castellana nº 298,257.0,Manuel Caldeiro
4561081,Instalación Deportiva Municipal Básica Barrio Goya,40.40397057983696,-3.738177408397536,40.40913630273305,-3.728533714316331,1219.857989712764,Calle Caramuel nº 51,232.0,Caramuel
4547653,Instalación Deportiva Municipal Básica Barrio IV,40.40272360732888,-3.634047589018456,40.400368,-3.634587,269.0392872266463,Calle Hacienda de Pavones nº 342,229.0,Pavones
4542627,Instalación Deportiva Municipal Básica Barrio de Las Cárcavas,40.48002694808795,-3.6322988549742967,40.44370542379883,-3.648958444298144,4449.882477041155,Calle Carlota O'Neill nº 32,238.0,Carlota O’Neill
6308361,Instalación Deportiva Municipal Básica Barrio de Santa Ana - Andrés Navarrete,40.49452475361937,-3.694665369930073,40.481086,-3.688463,1648.2414667737448,Calle Pedro Rico nº 4,225.0,Pedro Rico
4555292,Instalación Deportiva Municipal Básica Barrio del Aeropuerto,40.45120159850761,-3.5844180853262886,40.429706,-3.640994,6748.986561428319,Calle Gutierre de Cetina nº 77,223.0,Gutierre de Cetina
4549165,Instalación Deportiva Municipal Básica Baterías - Barrio Alegría,40.44135712495445,-3.6481826411853,40.44370542379883,-3.648958444298144,275.36277762456734,Calle Carlota O'Neill nº 32,238.0,Carlota O’Neill
4642682,Instalación Deportiva Municipal Básica Belzunegui,40.37487463533173,-3.739061311753124,40.398247,-3.716591,3612.871948415262,Glorieta Marqués de Vadillo nº 9,220.0,Marqués de Vadillo
4555851,Instalación Deportiva Municipal Básica Bolera de la Mancha,40.3806576674271,-3.698610830055276,40.38895,-3.70017,939.3409681289415,Calle Antonio López nº 129,221.0,Glorieta de Cádiz
52832,Instalación Deportiva Municipal Básica Boston,40.43729691048299,-3.666690201277176,40.4378,-3.66779,134.8586375834629,Avenida de Camilo José Cela nº 23,249.0,Camilo José Cela
4548594,Instalación Deportiva Municipal Básica Brasil - General Yagüe,40.45732746079714,-3.693648871749584,40.45619382579544,-3.6929376751795306,149.06159380368925,Calle San Germán nº 5,246.0,San Germán 5
5940746,Instalación Deportiva Municipal Básica Briviesca,40.48183793645468,-3.666587942769085,40.47938,-3.68532,2107.380349561086,Paseo de la Castellana nº 298,257.0,Manuel Caldeiro
4548441,Instalación Deportiva Municipal Básica Brujas,40.39944882958802,-3.6282662898026574,40.400368,-3.634587,712.4201277126173,Calle Hacienda de Pavones nº 342,229.0,Pavones
6288965,Instalación Deportiva Municipal Básica Brunete,40.51667296021272,-3.773795776219611,40.45109,-3.72937,8823.964144663443,Avenida Complutense nº 23,269.0,Facultad Derecho
4541501,Instalación Deportiva Municipal Básica Bucaramanga,40.47211630976979,-3.639654414815554,40.44370542379883,-3.648958444298144,3328.6101850500017,Calle Carlota O'Neill nº 32,238.0,Carlota O’Neill
4541536,Instalación Deportiva Municipal Básica Burgo de Osma,40.46902347728972,-3.662533119132141,40.46041,-3.67712,1888.6439712403467,Avenida Pío XII nº 3,262.0,Pío XII
4527131,Instalación Deportiva Municipal Básica C. F. Nuestra Señora del Buen Camino,40.45272561748863,-3.7796095540530086,40.45109,-3.72937,5607.627254373749,Avenida Complutense nº 23,269.0,Facultad Derecho
4542012,Instalación Deportiva Municipal Básica Calanda,40.46246051111333,-3.641472895181452,40.44370542379883,-3.648958444298144,2248.5825183157067,Calle Carlota O'Neill nº 32,238.0,Carlota O’Neill
5940802,Instalación Deportiva Municipal Básica Caleruega,40.48107021761235,-3.671594589647619,40.47938,-3.68532,1542.5779116116046,Paseo de la Castellana nº 298,257.0,Manuel Caldeiro
4545202,Instalación Deportiva Municipal Básica Camino Viejo de Leganés,40.38117601531834,-3.731343103155248,40.398247,-3.716591,2513.86178228657,Glorieta Marqués de Vadillo nº 9,220.0,Marqués de Vadillo
4663799,Instalación Deportiva Municipal Básica Campo Aragón,40.39244393012934,-3.63737994090768,40.400368,-3.634587,935.5004197648864,Calle Hacienda de Pavones nº 342,229.0,Pavones
4660583,Instalación Deportiva Municipal Básica Campo Fútbol Puerta Bonita,40.3879590752267,-3.732889210629677,40.398247,-3.716591,2148.7800415843617,Glorieta Marqués de Vadillo nº 9,220.0,Marqués de Vadillo
4629951,Instalación Deportiva Municipal Básica Campo de Fútbol Rodríguez Sahagún,40.46913760683904,-3.7115353164247873,40.45673408797698,-3.708002730875242,1435.8872518042745,Calle Francos Rodríguez nº 62,247.0,Francos Rodríguez
4542543,Instalación Deportiva Municipal Básica Campo de Fútbol San Martín de Porres,40.39949108577098,-3.732825709268183,40.40913630273305,-3.728533714316331,1175.6189529784049,Calle Caramuel nº 51,232.0,Caramuel
4664929,Instalación Deportiva Municipal Básica Campo de Fútbol Tierra,40.41154005341027,-3.642828451015245,40.408264,-3.646697,564.9825682674174,Calle Camino de los Vinateros nº 108,227.0,Marroquina
11386717,Instalación Deportiva Municipal Básica Campo de fútbol Orcasitas,40.36720552010195,-3.71208812822708,40.38895,-3.70017,2761.666188086678,Calle Antonio López nº 129,221.0,Glorieta de Cádiz
4549935,Instalación Deportiva Municipal Básica Canal de Panamá,40.44098424268766,-3.6520112027455554,40.43965673033275,-3.6557656204708775,444.0995222411767,Calle Derechos Humanos nº 12,239.0,Derechos Humanos
4542086,Instalación Deportiva Municipal Básica Canillas - Club Deportivo Canillas,40.46854356477104,-3.6486680716819206,40.44370542379883,-3.648958444298144,2765.158911280548,Calle Carlota O'Neill nº 32,238.0,Carlota O’Neill
4557688,Instalación Deportiva Municipal Básica Carlos II,40.42766744656451,-3.6076270875712217,40.429706,-3.640994,3728.7433196480283,Calle Gutierre de Cetina nº 77,223.0,Gutierre de Cetina
4583473,Instalación Deportiva Municipal Básica Carlos Solé,40.39214336748665,-3.649301187158133,40.39901531507069,-3.6607768678037744,1491.233681274428,Camino de Valderribas nº 94,234.0,Sierra Toledana
6349357,Instalación Deportiva Municipal Básica Carmen Amaya,40.41206030334087,-3.651284078326445,40.40617,-3.65122,655.74452483843,Calle Arroyo de las Pilillas nº 6,228.0,Plaza del Encuentro
4659353,Instalación Deportiva Municipal Básica Caronte,40.396642453268775,-3.721647689712961,40.398247,-3.716591,591.699714821902,Glorieta Marqués de Vadillo nº 9,220.0,Marqués de Vadillo
4540143,Instalación Deportiva Municipal Básica Carril del Conde,40.46088946853693,-3.654432812836867,40.44315,-3.65741,2002.4782134396526,Calle Condesa de Venadito nº 2,222.0,Condesa de Venadito
4542523,Instalación Deportiva Municipal Básica Carrión de los Condes,40.47430169221348,-3.6595649567170168,40.46041,-3.67712,2495.2094288716403,Avenida Pío XII nº 3,262.0,Pío XII
5870186,Instalación Deportiva Municipal Básica Casa Campo,40.4184340515621,-3.736143042995308,40.413764,-3.728318,1016.00752124854,Plaza Puerta del Ángel nº 4,224.0,Puerta del Ángel
5869345,Instalación Deportiva Municipal Básica Casa Campo I Lago,40.41867020566187,-3.730157679235435,40.413764,-3.728318,583.4421347479877,Plaza Puerta del Ángel nº 4,224.0,Puerta del Ángel
5869829,Instalación Deportiva Municipal Básica Casa Campo II Teleférico,40.42111772146607,-3.737716485663515,40.413764,-3.728318,1330.1853816588073,Plaza Puerta del Ángel nº 4,224.0,Puerta del Ángel
5869871,Instalación Deportiva Municipal Básica Casa Campo III,40.42663911970955,-3.735065416489925,40.4325991,-3.7246532,1337.671047979904,Paseo de Moret nº 11,119.0,Paseo de Moret
5870126,Instalación Deportiva Municipal Básica Casa Campo IV,40.43184675866799,-3.739236682144013,40.43896,-3.72997,1302.1785927882297,Avenida Juan de Herrera frente a la calle Paul Guinard,265.0,INEF
4541755,Instalación Deportiva Municipal Básica Casalarreina,40.40897549865364,-3.6140942577626016,40.400368,-3.634587,2478.518939817884,Calle Hacienda de Pavones nº 342,229.0,Pavones
4548779,Instalación Deportiva Municipal Básica Casino de la Reina,40.40695673994099,-3.704292111506432,40.4056107,-3.7022591,271.817353565369,Glorieta de Embajadores nº 2,52.0,Embajadores 2
4579728,Instalación Deportiva Municipal Básica Castroserna,40.40251081513204,-3.749427401089634,40.40913630273305,-3.728533714316331,2444.743243568775,Calle Caramuel nº 51,232.0,Caramuel
4584619,Instalación Deportiva Municipal Básica Cazorla,40.375847231386665,-3.66648465795306,40.39382977920336,-3.6659362429356372,2002.7425820211338,Calle Arroyo del Olivar nº 6,236.0,Concordia
4548963,Instalación Deportiva Municipal Básica Cementerio Civil,40.42041280188907,-3.6332470504462986,40.429706,-3.640994,1347.9372417387506,Calle Gutierre de Cetina nº 77,223.0,Gutierre de Cetina
4556053,Instalación Deportiva Municipal Básica Cerro Blanco,40.37975674670092,-3.716284060235098,40.39440607959559,-3.7080429728445563,1872.0362908046682,Calle San Delfín nº 9,235.0,San Delfín
4581453,Instalación Deportiva Municipal Básica Cerro Cabezuelos,40.379694900594856,-3.6521267878318,40.39382977920336,-3.6659362429356372,2201.9763870608836,Calle Arroyo del Olivar nº 6,236.0,Concordia
5800623,Instalación Deportiva Municipal Básica Cerro Negro,40.396646655094365,-3.671603413540554,40.3979722,-3.66925,301.14784598120076,Avenida de la Albufera nº 6,187.0,Puente de Vallecas
4528555,Instalación Deportiva Municipal Básica Circuito Natural Footing Retiro,40.4152672609971,-3.688643512378128,40.4166834,-3.6894193,179.8351813699568,Calle Antonio Maura nº 15,69.0,Antonio Maura
95298,Instalación Deportiva Municipal Básica Circuito de Footing Casa de Campo,40.42045376372811,-3.733041347187696,40.413764,-3.728318,912.2617135640905,Plaza Puerta del Ángel nº 4,224.0,Puerta del Ángel
4556885,Instalación Deportiva Municipal Básica Ciudad Pegaso I,40.44951110145051,-3.594391876070514,40.429706,-3.640994,5646.303469739806,Calle Gutierre de Cetina nº 77,223.0,Gutierre de Cetina
4556948,Instalación Deportiva Municipal Básica Ciudad Pegaso II,40.448330002444166,-3.5945701505778493,40.429706,-3.640994,5577.809487381426,Calle Gutierre de Cetina nº 77,223.0,Gutierre de Cetina
4557767,Instalación Deportiva Municipal Básica Ciudad Pegaso III,40.44455842139296,-3.593947323119205,40.429706,-3.640994,5501.966235756719,Calle Gutierre de Cetina nº 77,223.0,Gutierre de Cetina
4543802,Instalación Deportiva Municipal Básica Ciudad de Los Ángeles,40.35283994612291,-3.698205911976654,40.38895,-3.70017,4025.719374668184,Calle Antonio López nº 129,221.0,Glorieta de Cádiz
4546507,Instalación Deportiva Municipal Básica Clara del Rey,40.44656763308464,-3.668173275110258,40.44421,-3.66683,302.21212312137993,Calle Santa Hortensia nº 31,259.0,Corazón de María
4556411,Instalación Deportiva Municipal Básica Club Deportivo Alzola,40.36794449938085,-3.719398063825001,40.38895,-3.70017,3173.1011327416386,Calle Antonio López nº 129,221.0,Glorieta de Cádiz
6316901,Instalación Deportiva Municipal Básica Club de Petanca Esperanza de Canilllas,40.45949540975727,-3.6427781663423575,40.44370542379883,-3.648958444298144,1888.086758476207,Calle Carlota O'Neill nº 32,238.0,Carlota O’Neill
11080945,Instalación Deportiva Municipal Básica Club de Petanca Peonias,40.45064086472342,-3.617909238515176,40.429706,-3.640994,3472.952081470312,Calle Gutierre de Cetina nº 77,223.0,Gutierre de Cetina
5940483,Instalación Deportiva Municipal Básica Cocheras (Ciudad Lineal),40.42244010701552,-3.6494391609819576,40.426207143200884,-3.651034981803642,455.56160314226145,Avenida Marqués de Corbera nº 52,242.0,Marqués de Corbera 52
4528738,Instalación Deportiva Municipal Básica Cocheras (Retiro),40.40067337688741,-3.676298173141196,40.400789,-3.6744,212.1299943364421,Calle Cerro de la Plata nº 2,82.0,Pedro Bosch
4560062,Instalación Deportiva Municipal Básica Colombia,40.457759787152014,-3.669215880508611,40.4572466,-3.6763439,797.1701599006166,Calle Colombia nº 7,172.0,Colombia
4543102,Instalación Deportiva Municipal Básica Colonia Euskalduna,40.35456935043359,-3.699754645665144,40.38895,-3.70017,3827.5168564899477,Calle Antonio López nº 129,221.0,Glorieta de Cádiz
4543975,Instalación Deportiva Municipal Básica Colonia Marconi,40.33393325295466,-3.6931253996834856,40.389258643579105,-3.6903589643353483,6166.5209350389905,Calle Sodio nº 1B,243.0,Embajadores 191
4542504,Instalación Deportiva Municipal Básica Colonia San Cristóbal de Los Ángeles,40.34108883895775,-3.6897253636919576,40.389258643579105,-3.6903589643353483,5362.703902557662,Calle Sodio nº 1B,243.0,Embajadores 191
4581472,Instalación Deportiva Municipal Básica Colonia Sierra del Valle,40.39084028688396,-3.6598693175789343,40.39382977920336,-3.6659362429356372,754.147373860047,Calle Arroyo del Olivar nº 6,236.0,Concordia
4583089,Instalación Deportiva Municipal Básica Colonia los Taxistas,40.39966893400019,-3.656750264445625,40.39901531507069,-3.6607768678037744,455.0101310431192,Camino de Valderribas nº 94,234.0,Sierra Toledana
4579784,Instalación Deportiva Municipal Básica Concejal Gabriel Fernández (Parque Cuña Verde),40.39717971610274,-3.75185460918738,40.40913630273305,-3.728533714316331,2922.31851749586,Calle Caramuel nº 51,232.0,Caramuel
4548726,Instalación Deportiva Municipal Básica Conde Duque,40.42890457185098,-3.710390334447589,40.4273264,-3.7104417,175.77470643119852,Calle Conde Duque nº 22,14.0,Conde Duque
4548924,Instalación Deportiva Municipal Básica Condesa de Venadito,40.44505998039654,-3.652958563116748,40.44370542379883,-3.648958444298144,470.98697244344777,Calle Carlota O'Neill nº 32,238.0,Carlota O’Neill
6345083,Instalación Deportiva Municipal Básica Cordel de Pavones,40.39990644210208,-3.618584055837224,40.400368,-3.634587,1785.7534385050822,Calle Hacienda de Pavones nº 342,229.0,Pavones
6345642,Instalación Deportiva Municipal Básica Cordel de Pavones I,40.40930182229157,-3.608605091516184,40.400368,-3.634587,3063.9707763811725,Calle Hacienda de Pavones nº 342,229.0,Pavones
5935266,Instalación Deportiva Municipal Básica Corregidor Diego de Valderrábano,40.40940474947577,-3.6588602502598873,40.41053,-3.65779,173.0402956801957,Calle Camino de los Vinateros nº 28,226.0,Camino Vinateros
5785030,Instalación Deportiva Municipal Básica Cuevas de Almanzora,40.47940888739177,-3.658140197005035,40.46041,-3.67712,2992.5502696904346,Avenida Pío XII nº 3,262.0,Pío XII
4629952,Instalación Deportiva Municipal Básica Cuña Verde,40.46756884233495,-3.7117310848273233,40.45673408797698,-3.708002730875242,1275.8154221405887,Calle Francos Rodríguez nº 62,247.0,Francos Rodríguez
4669898,Instalación Deportiva Municipal Básica Cárcavas Oeste I,40.48013725057699,-3.635430388203537,40.44370542379883,-3.648958444298144,4327.204718083433,Calle Carlota O'Neill nº 32,238.0,Carlota O’Neill
6335547,Instalación Deportiva Municipal Básica Cárcavas Oeste II,40.48087402947953,-3.634569927305306,40.44370542379883,-3.648958444298144,4437.968041892982,Calle Carlota O'Neill nº 32,238.0,Carlota O’Neill
4555783,Instalación Deportiva Municipal Básica David González Rubio,40.37523914967068,-3.702253695777978,40.38895,-3.70017,1543.8828437634245,Calle Antonio López nº 129,221.0,Glorieta de Cádiz
4566204,Instalación Deportiva Municipal Básica Dehesa del Príncipe,40.37918609042024,-3.795324391950351,40.40913630273305,-3.728533714316331,8163.064415042708,Calle Caramuel nº 51,232.0,Caramuel
4554593,Instalación Deportiva Municipal Básica Diana,40.45721870340052,-3.5845999549053547,40.429706,-3.640994,6996.2468677565075,Calle Gutierre de Cetina nº 77,223.0,Gutierre de Cetina
4549195,Instalación Deportiva Municipal Básica Doctor Cirajas,40.435515856536526,-3.6374563613179753,40.429706,-3.640994,757.626632105468,Calle Gutierre de Cetina nº 77,223.0,Gutierre de Cetina
4543938,Instalación Deportiva Municipal Básica Doctor Vallejo-Nájera,40.40233909331515,-3.7080621422210975,40.4035988,-3.7064516,227.9087333442179,Paseo de la Esperanza nº 2,134.0,Paseo de la Esperanza
4546560,Instalación Deportiva Municipal Básica Drácena,40.46425775938073,-3.668784966011135,40.46041,-3.67712,1023.6813752416442,Avenida Pío XII nº 3,262.0,Pío XII
5716963,Instalación Deportiva Municipal Básica Duque de Sevilla,40.44166603700321,-3.679114249778397,40.4442258,-3.6787169,288.3782100387734,Calle María Francisca nº 1,155.0,María Francisca 1
4547580,Instalación Deportiva Municipal Básica Echegaray,40.39720166030288,-3.63557478412475,40.400368,-3.634587,369.2949661404283,Calle Hacienda de Pavones nº 342,229.0,Pavones
4584543,Instalación Deportiva Municipal Básica El Bosco,40.40148296368549,-3.651406031292048,40.40617,-3.65122,522.1709809100223,Calle Arroyo de las Pilillas nº 6,228.0,Plaza del Encuentro
4540585,Instalación Deportiva Municipal Básica El Bosque,40.46714774021119,-3.6618563692082393,40.46041,-3.67712,1860.514058714822,Avenida Pío XII nº 3,262.0,Pío XII
5785236,Instalación Deportiva Municipal Básica El Capricho I,40.45430519267116,-3.599375619694702,40.429706,-3.640994,5389.683825050676,Calle Gutierre de Cetina nº 77,223.0,Gutierre de Cetina
10291968,Instalación Deportiva Municipal Básica El Capricho II,40.45424612279451,-3.600342165562562,40.429706,-3.640994,5293.714278265743,Calle Gutierre de Cetina nº 77,223.0,Gutierre de Cetina
4541995,Instalación Deportiva Municipal Básica El Cruce,40.34894700358768,-3.693879611293337,40.389258643579105,-3.6903589643353483,4504.623882998469,Calle Sodio nº 1B,243.0,Embajadores 191
4544044,Instalación Deportiva Municipal Básica El Espinillo I,40.361575517254266,-3.6927606788274527,40.389258643579105,-3.6903589643353483,3093.295500113888,Calle Sodio nº 1B,243.0,Embajadores 191
4544562,Instalación Deportiva Municipal Básica El Espinillo II,40.36060552171134,-3.686214416479886,40.389258643579105,-3.6903589643353483,3222.9829220215106,Calle Sodio nº 1B,243.0,Embajadores 191
5695077,Instalación Deportiva Municipal Básica El Espinillo III,40.36157241219842,-3.693278850156952,40.389258643579105,-3.6903589643353483,3099.1806796793276,Calle Sodio nº 1B,243.0,Embajadores 191
4527600,Instalación Deportiva Municipal Básica El Parque,40.42589471749026,-3.731697578357141,40.4325991,-3.7246532,1083.766617947848,Paseo de Moret nº 11,119.0,Paseo de Moret
4541768,Instalación Deportiva Municipal Básica El Pedernoso - Parque de Villa Rosa - Paco Caño,40.46725432234968,-3.6309383657037775,40.44370542379883,-3.648958444298144,3303.3727511816946,Calle Carlota O'Neill nº 32,238.0,Carlota O’Neill
4527918,Instalación Deportiva Municipal Básica El Plantío,40.47175814207694,-3.8255057822510574,40.45109,-3.72937,10969.094812563382,Avenida Complutense nº 23,269.0,Facultad Derecho
4555915,Instalación Deportiva Municipal Básica El Torero,40.39227761286618,-3.706318951771014,40.39440607959559,-3.7080429728445563,305.1676623611588,Calle San Delfín nº 9,235.0,San Delfín
4548146,Instalación Deportiva Municipal Básica El Vandel,40.41031893017073,-3.632280273004103,40.400368,-3.634587,1137.2224866123179,Calle Hacienda de Pavones nº 342,229.0,Pavones
4557740,Instalación Deportiva Municipal Básica Electra,40.44127421398117,-3.6189277132249833,40.429706,-3.640994,2777.871335624798,Calle Gutierre de Cetina nº 77,223.0,Gutierre de Cetina
6206528,Instalación Deportiva Municipal Básica Enrique Tierno Galván,40.39487669248672,-3.686126235234665,40.400781,-3.6882407,698.3058047306894,Calle Juan Martín el Empecinado nº 16,126.0,Juan Martín
4629031,Instalación Deportiva Municipal Básica Eros,40.39352590492843,-3.6801309337036407,40.3941388,-3.6758888,478.1000343920874,Calle Retama nº 5,188.0,Méndez Álvaro
4557463,Instalación Deportiva Municipal Básica Esfinge,40.44229135833031,-3.608914308760063,40.429706,-3.640994,3842.745190488018,Calle Gutierre de Cetina nº 77,223.0,Gutierre de Cetina
4540393,Instalación Deportiva Municipal Básica Esperanza I - Club Virgen de la Esperanza,40.45993986921884,-3.642319354553547,40.44370542379883,-3.648958444298144,1953.0580809524895,Calle Carlota O'Neill nº 32,238.0,Carlota O’Neill
5718683,Instalación Deportiva Municipal Básica Esperanza II,40.45908220260012,-3.643098932325283,40.44370542379883,-3.648958444298144,1832.2749125413186,Calle Carlota O'Neill nº 32,238.0,Carlota O’Neill
4528794,Instalación Deportiva Municipal Básica Estanque de las Tormentas,40.45211512813871,-3.78329373903864,40.45109,-3.72937,6016.7692514472365,Avenida Complutense nº 23,269.0,Facultad Derecho
5695803,Instalación Deportiva Municipal Básica Estefanita,40.345660999492566,-3.675218553605332,40.389258643579105,-3.6903589643353483,5138.737631738081,Calle Sodio nº 1B,243.0,Embajadores 191
4542884,Instalación Deportiva Municipal Básica Estíbaliz,40.469514561623285,-3.6490195041524114,40.44370542379883,-3.648958444298144,2873.068153550014,Calle Carlota O'Neill nº 32,238.0,Carlota O’Neill
4557842,Instalación Deportiva Municipal Básica Euterpe,40.44749880003797,-3.5915203945028886,40.429706,-3.640994,5863.059075753831,Calle Gutierre de Cetina nº 77,223.0,Gutierre de Cetina
36401,Instalación Deportiva Municipal Básica Eva Duarte,40.42997423940213,-3.667961859746943,40.429887,-3.6712823,370.51642289057304,Calle Ortega y Gasset nº 87,171.0,Ortega y Gasset 87
4556684,Instalación Deportiva Municipal Básica Evangelios-Almendrales,40.38325838287727,-3.70058158190502,40.38895,-3.70017,635.2492724202417,Calle Antonio López nº 129,221.0,Glorieta de Cádiz
6310191,Instalación Deportiva Municipal Básica Fermín Caballero,40.47935162025493,-3.719158405265364,40.45673408797698,-3.708002730875242,2808.5316315940545,Calle Francos Rodríguez nº 62,247.0,Francos Rodríguez
4582808,Instalación Deportiva Municipal Básica Francisco Laguna,40.39051190105737,-3.669975407440883,40.39382977920336,-3.6659362429356372,582.5978846470342,Calle Arroyo del Olivar nº 6,236.0,Concordia
4555896,Instalación Deportiva Municipal Básica Frontón Orcasitas,40.37064655641207,-3.712229879684724,40.38895,-3.70017,2441.5970660160556,Calle Antonio López nº 129,221.0,Glorieta de Cádiz
5922619,Instalación Deportiva Municipal Básica Frontón Polideportivo San Fermín,40.374396615335975,-3.692573918087233,40.389258643579105,-3.6903589643353483,1672.7816757132491,Calle Sodio nº 1B,243.0,Embajadores 191
4557031,Instalación Deportiva Municipal Básica Frontón San Fermín,40.36990586456809,-3.6872392651660495,40.389258643579105,-3.6903589643353483,2182.2681599463713,Calle Sodio nº 1B,243.0,Embajadores 191
4548581,Instalación Deportiva Municipal Básica Frontón Tudelillas,40.451690390542296,-3.711021047869016,40.451333,-3.710525,68.15321634531607,Calle Francisco Balseiro nº 1,245.0,Pablo Iglesias
11353992,Instalación Deportiva Municipal Básica Fuente Espina,40.379273217545474,-3.606412694549229,40.400368,-3.634587,3923.059579378203,Calle Hacienda de Pavones nº 342,229.0,Pavones
4580220,Instalación Deportiva Municipal Básica Fuente de Lima,40.3825571125298,-3.781874842527356,40.40913630273305,-3.728533714316331,6645.677306510503,Calle Caramuel nº 51,232.0,Caramuel
4564155,Instalación Deportiva Municipal Básica Fuerte de Navidad,40.38109378379431,-3.7649408263985062,40.40913630273305,-3.728533714316331,5122.565642556289,Calle Caramuel nº 51,232.0,Caramuel
4547673,Instalación Deportiva Municipal Básica Félix Rodríguez de la Fuente,40.41468322986084,-3.659006026996469,40.41053,-3.65779,481.82291952693663,Calle Camino de los Vinateros nº 28,226.0,Camino Vinateros
4556047,Instalación Deportiva Municipal Básica Galeón,40.45591483433643,-3.585897770294804,40.429706,-3.640994,6802.890269176152,Calle Gutierre de Cetina nº 77,223.0,Gutierre de Cetina
4579734,Instalación Deportiva Municipal Básica Garrovillas,40.38011667026133,-3.7790546404419656,40.40913630273305,-3.728533714316331,6496.224639407736,Calle Caramuel nº 51,232.0,Caramuel
4580463,Instalación Deportiva Municipal Básica General Millán Astray,40.37967979685691,-3.768438598489448,40.40913630273305,-3.728533714316331,5529.028443073217,Calle Caramuel nº 51,232.0,Caramuel
4542768,Instalación Deportiva Municipal Básica Glorieta Avenida San Luis,40.4671739676516,-3.6645674105696378,40.46041,-3.67712,1589.8329532150408,Avenida Pío XII nº 3,262.0,Pío XII
10915711,Instalación Deportiva Municipal Básica Glorieta de Segovia,40.41246022343046,-3.714538784977571,40.4138333,-3.7135833,186.34423157981107,Calle Segovia nº 26,174.0,Segovia 26
6331073,Instalación Deportiva Municipal Básica Gran Vía de Hortaleza,40.4647876018932,-3.6596724032712897,40.46041,-3.67712,2006.3260608283829,Avenida Pío XII nº 3,262.0,Pío XII
4556640,Instalación Deportiva Municipal Básica Guadalajara,40.42048481589473,-3.618277425225656,40.429706,-3.640994,2733.906751644912,Calle Gutierre de Cetina nº 77,223.0,Gutierre de Cetina
4582856,Instalación Deportiva Municipal Básica Hermanos Trueba,40.38569029812835,-3.662458124992885,40.39382977920336,-3.6659362429356372,985.6526474248232,Calle Arroyo del Olivar nº 6,236.0,Concordia
4549105,Instalación Deportiva Municipal Básica Hogar del Ferroviario,40.40695911649336,-3.6611698838232103,40.40248333540473,-3.660188083470652,510.1359909351856,Calle Sierra Toledana nº 33,233.0,Doctor Lozano
4659422,Instalación Deportiva Municipal Básica Hornero,40.38821661890276,-3.72057984361246,40.398247,-3.716591,1201.9754014988894,Glorieta Marqués de Vadillo nº 9,220.0,Marqués de Vadillo
4541383,Instalación Deportiva Municipal Básica Huerta de la Salud,40.47505435038131,-3.642315547728054,40.44370542379883,-3.648958444298144,3567.546386690908,Calle Carlota O'Neill nº 32,238.0,Carlota O’Neill
4627943,Instalación Deportiva Municipal Básica Illescas,40.39727663517988,-3.7659134453115457,40.40913630273305,-3.728533714316331,4374.005612934377,Calle Caramuel nº 51,232.0,Caramuel
4584299,Instalación Deportiva Municipal Básica Imagen,40.38336275152153,-3.667713277656222,40.39382977920336,-3.6659362429356372,1181.9251727745768,Calle Arroyo del Olivar nº 6,236.0,Concordia
4538608,Instalación Deportiva Municipal Básica Isabel Patacón,40.3703691110204,-3.747622431727254,40.398247,-3.716591,4649.13663360889,Glorieta Marqués de Vadillo nº 9,220.0,Marqués de Vadillo
4547279,Instalación Deportiva Municipal Básica Isla de Tabarca,40.47680954600072,-3.720853707202184,40.45673408797698,-3.708002730875242,2655.075197768359,Calle Francos Rodríguez nº 62,247.0,Francos Rodríguez
4538129,Instalación Deportiva Municipal Básica Iván de Vargas,40.40279748246847,-3.724235302224272,40.406837862773465,-3.7244893989507686,450.66540270645345,Paseo de la Ermita del Santo nº 48,231.0,Ermita Santo
4538476,Instalación Deportiva Municipal Básica Jacinto Verdaguer,40.395564824892936,-3.716746133835096,40.398247,-3.716591,299.0794754355038,Glorieta Marqués de Vadillo nº 9,220.0,Marqués de Vadillo
4563440,Instalación Deportiva Municipal Básica Jardines Alhambra,40.40293756394919,-3.744730107197148,40.40913630273305,-3.728533714316331,1934.0985140604005,Calle Caramuel nº 51,232.0,Caramuel
4563407,Instalación Deportiva Municipal Básica Jardines General Fanjul,40.385197861740814,-3.761902410218776,40.40913630273305,-3.728533714316331,4578.0470954948705,Calle Caramuel nº 51,232.0,Caramuel
4561139,Instalación Deportiva Municipal Básica Jardines Vía Carpetana,40.39252376178335,-3.74182286496722,40.40913630273305,-3.728533714316331,2370.16609725638,Calle Caramuel nº 51,232.0,Caramuel
4542557,Instalación Deportiva Municipal Básica Jardines de Bucaramanga,40.47216617986823,-3.638781934703648,40.44370542379883,-3.648958444298144,3365.451645547553,Calle Carlota O'Neill nº 32,238.0,Carlota O’Neill
4527106,Instalación Deportiva Municipal Básica Jardín Canarias,40.40224012314781,-3.694673997707994,40.4032208,-3.6944768,111.36268357893049,Calle Palos de la Frontera nº 27,128.0,Palos de la Frontera
5701075,Instalación Deportiva Municipal Básica Jardín Papelera Peninsular,40.40021085294591,-3.708405149944905,40.3974444,-3.7065277,372.42783913603216,Paseo de Yeserías nº 45,182.0,Madrid Río-Yeserías
4541324,Instalación Deportiva Municipal Básica Jardín de Portugalete,40.45739950911607,-3.653455421613813,40.44370542379883,-3.648958444298144,1604.8283739754513,Calle Carlota O'Neill nº 32,238.0,Carlota O’Neill
5941245,Instalación Deportiva Municipal Básica Jazmin,40.47862144632099,-3.6666387122877055,40.4716,-3.68391,2079.1097454072583,Calle Rodríguez Jaén nº 40,260.0,Chamartín
4531170,Instalación Deportiva Municipal Básica Jesús Aprendiz,40.40922156877915,-3.671905186964673,40.4084556,-3.6697526,254.80763266781867,Calle Doctor Esquerdo nº 161,87.0,Niño Jesús
4582793,Instalación Deportiva Municipal Básica Jesús Divino Obrero,40.39514492871647,-3.647421138991812,40.40617,-3.65122,1298.398801662379,Calle Arroyo de las Pilillas nº 6,228.0,Plaza del Encuentro
4554621,Instalación Deportiva Municipal Básica Joaquín Ibarra,40.45993921141184,-3.593481240325868,40.429706,-3.640994,6277.996047257444,Calle Gutierre de Cetina nº 77,223.0,Gutierre de Cetina
5566865,Instalación Deportiva Municipal Básica José Durán,40.3805444480093,-3.664316183074008,40.39382977920336,-3.6659362429356372,1489.9164166960818,Calle Arroyo del Olivar nº 6,236.0,Concordia
4564116,Instalación Deportiva Municipal Básica José de Cadalso,40.37780868617553,-3.768531953881764,40.40913630273305,-3.728533714316331,5663.248554884737,Calle Caramuel nº 51,232.0,Caramuel
4547661,Instalación Deportiva Municipal Básica José de Pasamonte,40.411890813674326,-3.646167263941804,40.408264,-3.646697,408.0362355557175,Calle Camino de los Vinateros nº 108,227.0,Marroquina
4541775,Instalación Deportiva Municipal Básica Juan Clemente Núñez,40.46196292860933,-3.6269611631430982,40.44370542379883,-3.648958444298144,3186.0970460258823,Calle Carlota O'Neill nº 32,238.0,Carlota O’Neill
4527396,Instalación Deportiva Municipal Básica Juan de Mariana,40.39848428796214,-3.686975938494456,40.400781,-3.6882407,292.01273884995067,Calle Juan Martín el Empecinado nº 16,126.0,Juan Martín
4628872,Instalación Deportiva Municipal Básica Juan de Vera,40.39617174301425,-3.6925495357594422,40.3972616,-3.6945025,249.35942276385828,Paseo de las Delicias nº 92,136.0,Paseo de las Delicias
4659364,Instalación Deportiva Municipal Básica Julián González,40.39866543915771,-3.719406801437597,40.398247,-3.716591,317.54965259068973,Glorieta Marqués de Vadillo nº 9,220.0,Marqués de Vadillo
4547304,Instalación Deportiva Municipal Básica La Cabrera,40.4721901295831,-3.719058403445219,40.45673408797698,-3.708002730875242,2116.9209663593083,Calle Francos Rodríguez nº 62,247.0,Francos Rodríguez
4555274,Instalación Deportiva Municipal Básica La Chimenea,40.39095814922708,-3.70404293417357,40.3917871,-3.7026789,177.95608679212933,Calle Eugenio Caxes frente al nº 12,230.0,Antonio López
4528631,Instalación Deportiva Municipal Básica La Chopera,40.45324709621828,-3.791691917222304,40.45109,-3.72937,6956.759682253329,Avenida Complutense nº 23,269.0,Facultad Derecho
6341954,Instalación Deportiva Municipal Básica La Diligencia,40.3906112368466,-3.658959835961348,40.39382977920336,-3.6659362429356372,856.7166999686948,Calle Arroyo del Olivar nº 6,236.0,Concordia
4526685,Instalación Deportiva Municipal Básica La Masó,40.48996671214207,-3.7143866142884456,40.481086,-3.688463,3056.1475117750933,Calle Pedro Rico nº 4,225.0,Pedro Rico
6342001,Instalación Deportiva Municipal Básica La Perla,40.36727724832333,-3.689921583041418,40.389258643579105,-3.6903589643353483,2447.4440958349865,Calle Sodio nº 1B,243.0,Embajadores 191
6346330,Instalación Deportiva Municipal Básica Las Rosas,40.42658241694823,-3.606662437467681,40.429706,-3.640994,3845.1829960876216,Calle Gutierre de Cetina nº 77,223.0,Gutierre de Cetina
10915688,Instalación Deportiva Municipal Básica Las Vistillas,40.41246022343046,-3.714538784977571,40.4138333,-3.7135833,186.34423157981107,Calle Segovia nº 26,174.0,Segovia 26
4548373,Instalación Deportiva Municipal Básica Lili Alvarez,40.405822647416606,-3.629115151051316,40.400368,-3.634587,860.9462377387958,Calle Hacienda de Pavones nº 342,229.0,Pavones
5705898,Instalación Deportiva Municipal Básica Lonja de la Seda,40.36596587926967,-3.762461273109024,40.40913630273305,-3.728533714316331,6117.203852746067,Calle Caramuel nº 51,232.0,Caramuel
4580902,Instalación Deportiva Municipal Básica Los Arbolitos,40.37576586611201,-3.669652629081261,40.39382977920336,-3.6659362429356372,2053.1528471713573,Calle Arroyo del Olivar nº 6,236.0,Concordia
4580413,Instalación Deportiva Municipal Básica Los Caprichos,40.40579744690797,-3.7285454246920935,40.40913630273305,-3.728533714316331,371.6820260288454,Calle Caramuel nº 51,232.0,Caramuel
4555797,Instalación Deportiva Municipal Básica Los Coronales,40.46697124729341,-3.596008451250797,40.44370542379883,-3.648958444298144,6449.077066869266,Calle Carlota O'Neill nº 32,238.0,Carlota O’Neill
4560927,Instalación Deportiva Municipal Básica Los Cármenes,40.39746568039038,-3.743856743935349,40.40913630273305,-3.728533714316331,2147.0522892354747,Calle Caramuel nº 51,232.0,Caramuel
4542517,Instalación Deportiva Municipal Básica Los Llanos,40.46090530019893,-3.627454138352421,40.44370542379883,-3.648958444298144,3069.150288123668,Calle Carlota O'Neill nº 32,238.0,Carlota O’Neill
5706154,Instalación Deportiva Municipal Básica Los Morales,40.360499290126505,-3.764896432162963,40.40913630273305,-3.728533714316331,6765.328480352312,Calle Caramuel nº 51,232.0,Caramuel
5706141,Instalación Deportiva Municipal Básica Los Morales - Patrimonio Humanidad I,40.36210281029443,-3.763548377327485,40.40913630273305,-3.728533714316331,6532.312586347436,Calle Caramuel nº 51,232.0,Caramuel
5706226,Instalación Deportiva Municipal Básica Los Morales - Patrimonio Humanidad II,40.36018168641368,-3.762513874140488,40.40913630273305,-3.728533714316331,6638.370745072978,Calle Caramuel nº 51,232.0,Caramuel
4660152,Instalación Deportiva Municipal Básica Los Poblados,40.37350468781611,-3.7377388304920633,40.398247,-3.716591,3626.539980234209,Glorieta Marqués de Vadillo nº 9,220.0,Marqués de Vadillo
4542914,Instalación Deportiva Municipal Básica Los Rosales I,40.35175390495651,-3.677834634453844,40.389258643579105,-3.6903589643353483,4402.562118723619,Calle Sodio nº 1B,243.0,Embajadores 191
4556968,Instalación Deportiva Municipal Básica Lucano,40.439035523688,-3.6095923854429737,40.429706,-3.640994,3653.3484768695635,Calle Gutierre de Cetina nº 77,223.0,Gutierre de Cetina
4542969,Instalación Deportiva Municipal Básica Luis Buitrago,40.473376533828,-3.6511329371430814,40.46041,-3.67712,3238.2836203344345,Avenida Pío XII nº 3,262.0,Pío XII
4528647,Instalación Deportiva Municipal Básica Luis Mitjans,40.4013474319257,-3.6703892095738806,40.4032501,-3.6726019,325.2416414422261,Calle Doctor Esquerdo nº 191,89.0,Valderribas
4548105,Instalación Deportiva Municipal Básica Lyon - Flandes,40.40823993397687,-3.6302454961405033,40.400368,-3.634587,1001.2070384449368,Calle Hacienda de Pavones nº 342,229.0,Pavones
4542907,Instalación Deportiva Municipal Básica Machupichu,40.46090954739925,-3.6313861722687983,40.44370542379883,-3.648958444298144,2740.396400838827,Calle Carlota O'Neill nº 32,238.0,Carlota O’Neill
6297321,Instalación Deportiva Municipal Básica Madrid - Las Tablas,40.50932926920616,-3.677183246701732,40.481086,-3.688463,3386.4593294047195,Calle Pedro Rico nº 4,225.0,Pedro Rico
49314,Instalación Deportiva Municipal Básica Madrid Sur,40.38353838821057,-3.657500728121157,40.39382977920336,-3.6659362429356372,1482.5234849936464,Calle Arroyo del Olivar nº 6,236.0,Concordia
4548184,Instalación Deportiva Municipal Básica Mallorca,40.44315431642945,-3.647398076003828,40.44370542379883,-3.648958444298144,184.54764912913384,Calle Carlota O'Neill nº 32,238.0,Carlota O’Neill
4541991,Instalación Deportiva Municipal Básica Manizales,40.47408401293854,-3.638977064178449,40.44370542379883,-3.648958444298144,3560.2936992256155,Calle Carlota O'Neill nº 32,238.0,Carlota O’Neill
4542050,Instalación Deportiva Municipal Básica Mar de Japón,40.47319613951648,-3.641504969656448,40.44370542379883,-3.648958444298144,3386.5322523160107,Calle Carlota O'Neill nº 32,238.0,Carlota O’Neill
4557260,Instalación Deportiva Municipal Básica Maracena,40.36926754309533,-3.6975509077822384,40.38895,-3.70017,2210.434613392624,Calle Antonio López nº 129,221.0,Glorieta de Cádiz
4555804,Instalación Deportiva Municipal Básica Maris Stella,40.37561971602255,-3.703376726464257,40.38895,-3.70017,1526.427734960953,Calle Antonio López nº 129,221.0,Glorieta de Cádiz
4547652,Instalación Deportiva Municipal Básica Martala I,40.40890578131284,-3.6402341225344186,40.408264,-3.646697,724.4327208984802,Calle Camino de los Vinateros nº 108,227.0,Marroquina
4542813,Instalación Deportiva Municipal Básica Maruja Mallo,40.4781907268689,-3.631028940050612,40.44370542379883,-3.648958444298144,4328.602550273415,Calle Carlota O'Neill nº 32,238.0,Carlota O’Neill
4541944,Instalación Deportiva Municipal Básica María Inmaculada,40.37304552875526,-3.7572050357095375,40.40913630273305,-3.728533714316331,5135.324671449535,Calle Caramuel nº 51,232.0,Caramuel
4660445,Instalación Deportiva Municipal Básica María de Austria,40.379458518215856,-3.7265416703894902,40.398247,-3.716591,2367.8412246182384,Glorieta Marqués de Vadillo nº 9,220.0,Marqués de Vadillo
7891965,Instalación Deportiva Municipal Básica María de Villota,40.3485758079487,-3.6759305768300736,40.389258643579105,-3.6903589643353483,4806.287970578257,Calle Sodio nº 1B,243.0,Embajadores 191
4556437,Instalación Deportiva Municipal Básica Matilde Gayo,40.38993834608832,-3.702854085952854,40.3917871,-3.7026789,206.72810752679828,Calle Eugenio Caxes frente al nº 12,230.0,Antonio López
4557011,Instalación Deportiva Municipal Básica Maíz,40.37541212545376,-3.7151896535378657,40.38895,-3.70017,2253.5292700966183,Calle Antonio López nº 129,221.0,Glorieta de Cádiz
4557257,Instalación Deportiva Municipal Básica Medio Amposta,40.42900772144501,-3.6182140003992127,40.429706,-3.640994,2542.1434387338318,Calle Gutierre de Cetina nº 77,223.0,Gutierre de Cetina
4541764,Instalación Deportiva Municipal Básica Mercedes Arteaga,40.39285448180102,-3.7223142167649614,40.398247,-3.716591,876.3388747053405,Glorieta Marqués de Vadillo nº 9,220.0,Marqués de Vadillo
4633352,Instalación Deportiva Municipal Básica Miguel Aracil,40.47423740722562,-3.727338140512541,40.45109,-3.72937,2586.7077157823205,Avenida Complutense nº 23,269.0,Facultad Derecho
4583054,Instalación Deportiva Municipal Básica Miguel Hernández,40.38850190847638,-3.6350217118786703,40.400368,-3.634587,1321.8169573596804,Calle Hacienda de Pavones nº 342,229.0,Pavones
4541784,Instalación Deportiva Municipal Básica Miguel Riesco,40.46287029502265,-3.63217498812228,40.44370542379883,-3.648958444298144,2838.35671655105,Calle Carlota O'Neill nº 32,238.0,Carlota O’Neill
4670020,Instalación Deportiva Municipal Básica Miguel Riesco - Ramón Power,40.46193413382862,-3.632148755414652,40.44370542379883,-3.648958444298144,2762.8667590452574,Calle Carlota O'Neill nº 32,238.0,Carlota O’Neill
4557035,Instalación Deportiva Municipal Básica Miguel Yuste,40.434344810420576,-3.622554460244901,40.429706,-3.640994,2120.64357714295,Calle Gutierre de Cetina nº 77,223.0,Gutierre de Cetina
4541798,Instalación Deportiva Municipal Básica Minaya,40.46831590638329,-3.636138538132129,40.44370542379883,-3.648958444298144,3090.378029237088,Calle Carlota O'Neill nº 32,238.0,Carlota O’Neill
4547376,Instalación Deportiva Municipal Básica Mirador de la Reina (Cerro Minguete),40.48749191925204,-3.72696204399105,40.45673408797698,-3.708002730875242,4024.4993642968457,Calle Francos Rodríguez nº 62,247.0,Francos Rodríguez
6298067,Instalación Deportiva Municipal Básica Mirasierra,40.49489198180427,-3.711889917152989,40.481086,-3.688463,3031.7365860073837,Calle Pedro Rico nº 4,225.0,Pedro Rico
5701215,Instalación Deportiva Municipal Básica Molino,40.39048711965757,-3.6941878490165,40.3914722,-3.6941944,109.6610770279497,Calle Bolívar nº 3,185.0,Legazpi
6308364,Instalación Deportiva Municipal Básica Mondariz,40.478823680515,-3.70542012801282,40.481086,-3.688463,1908.2860755514787,Calle Pedro Rico nº 4,225.0,Pedro Rico
6330956,Instalación Deportiva Municipal Básica Monovar,40.4754249166852,-3.656909774001053,40.46041,-3.67712,2806.440629213545,Avenida Pío XII nº 3,262.0,Pío XII
4670011,Instalación Deportiva Municipal Básica Montalbos,40.46443633174865,-3.637175309306409,40.44370542379883,-3.648958444298144,2655.7938926957777,Calle Carlota O'Neill nº 32,238.0,Carlota O’Neill
178423,Instalación Deportiva Municipal Básica Montecarmelo,40.500438927851775,-3.700512809058562,40.481086,-3.688463,2539.302499323298,Calle Pedro Rico nº 4,225.0,Pedro Rico
10966950,Instalación Deportiva Municipal Básica Montecarmelo McDonald´s,40.50184008646731,-3.6969247603864392,40.481086,-3.688463,2495.721748544091,Calle Pedro Rico nº 4,225.0,Pedro Rico
5870223,Instalación Deportiva Municipal Básica Mozart,40.4242665417876,-3.7212709022034463,40.4219665,-3.7224983,290.351290261399,Paseo de la Florida nº 8,132.0,Paseo de la Florida
4528327,Instalación Deportiva Municipal Básica Mártires Maristas,40.46223975914155,-3.719777931388968,40.45673408797698,-3.708002730875242,1449.514724538408,Calle Francos Rodríguez nº 62,247.0,Francos Rodríguez
4541310,Instalación Deportiva Municipal Básica Nevado de Cumbal,40.46928001670359,-3.63118145043629,40.44370542379883,-3.648958444298144,3469.455989731909,Calle Carlota O'Neill nº 32,238.0,Carlota O’Neill
4557490,Instalación Deportiva Municipal Básica Nicolasa Gómez,40.44448358264842,-3.615148388183279,40.429706,-3.640994,3319.2220782055424,Calle Gutierre de Cetina nº 77,223.0,Gutierre de Cetina
4583223,Instalación Deportiva Municipal Básica Novecento,40.37746079137422,-3.653695563861612,40.39382977920336,-3.6659362429356372,2276.996567745527,Calle Arroyo del Olivar nº 6,236.0,Concordia
4555858,Instalación Deportiva Municipal Básica Nuestra Señora de Loreto,40.472636002948775,-3.585807144623962,40.44370542379883,-3.648958444298144,7745.312710520589,Calle Carlota O'Neill nº 32,238.0,Carlota O’Neill
6206650,Instalación Deportiva Municipal Básica Nuestra Señora de la Paloma,40.41119640568488,-3.712232920009733,40.4114041,-3.7114762,87.52375144936256,Carrera de San Francisco nº 1,42.0,Plaza de los Carros
4542521,Instalación Deportiva Municipal Básica Nueva Esperanza,40.35262335736215,-3.69377598291594,40.389258643579105,-3.6903589643353483,4095.9958300894823,Calle Sodio nº 1B,243.0,Embajadores 191
4660151,Instalación Deportiva Municipal Básica Ontanilla,40.37450904700692,-3.728526373827137,40.398247,-3.716591,2958.977149708597,Glorieta Marqués de Vadillo nº 9,220.0,Marqués de Vadillo
6342577,Instalación Deportiva Municipal Básica Orcasur,40.36548482367132,-3.70183444457642,40.38895,-3.70017,2618.722033691934,Calle Antonio López nº 129,221.0,Glorieta de Cádiz
4555889,Instalación Deportiva Municipal Básica Orión-Jupiter,40.47625087283375,-3.579998848197848,40.44370542379883,-3.648958444298144,8502.366735664911,Calle Carlota O'Neill nº 32,238.0,Carlota O’Neill
4564065,Instalación Deportiva Municipal Básica Oscar y Jesús,40.37554983576344,-3.770874016639184,40.40913630273305,-3.728533714316331,6024.073733997807,Calle Caramuel nº 51,232.0,Caramuel
4557531,Instalación Deportiva Municipal Básica Oyarzun,40.36828992969283,-3.7159977494418186,40.38895,-3.70017,2899.457934310596,Calle Antonio López nº 129,221.0,Glorieta de Cádiz
4544631,Instalación Deportiva Municipal Básica P.A.R. Antonio López,40.39647249197412,-3.7127376145987054,40.398247,-3.716591,473.0757045574094,Glorieta Marqués de Vadillo nº 9,220.0,Marqués de Vadillo
4549978,Instalación Deportiva Municipal Básica P.A.R. Avda. Marqués de Corbera,40.42725047921714,-3.6495207954387703,40.426207143200884,-3.651034981803642,204.98031636250315,Avenida Marqués de Corbera nº 52,242.0,Marqués de Corbera 52
6296652,Instalación Deportiva Municipal Básica P.A.R. Ramón Gómez de la Serna,40.483568695572096,-3.7247841639257406,40.45673408797698,-3.708002730875242,3525.333476636386,Calle Francos Rodríguez nº 62,247.0,Francos Rodríguez
4556996,Instalación Deportiva Municipal Básica PAR Manuel Noya,40.38907128615593,-3.7120469132313434,40.39440607959559,-3.7080429728445563,743.0854631552954,Calle San Delfín nº 9,235.0,San Delfín
4556602,Instalación Deportiva Municipal Básica PAR Rafaela Ybarra,40.38063517341089,-3.711168779281528,40.38895,-3.70017,1536.9224325057253,Calle Antonio López nº 129,221.0,Glorieta de Cádiz
4580267,Instalación Deportiva Municipal Básica Pablo Casals,40.41221418658154,-3.7238765894181416,40.413764,-3.728318,524.6410017631838,Plaza Puerta del Ángel nº 4,224.0,Puerta del Ángel
6271846,Instalación Deportiva Municipal Básica Padre Claret,40.44961759191476,-3.6641939594197392,40.44421,-3.66683,669.9480157404297,Calle Santa Hortensia nº 31,259.0,Corazón de María
4546986,Instalación Deportiva Municipal Básica Padre Damián,40.45666161091837,-3.685964172263653,40.4585318,-3.684715,250.51862791005559,Avenida de Alberto Alcocer nº 22,138.0,Alberto Alcocer
4582873,Instalación Deportiva Municipal Básica Palomeras Bajas,40.37819745002066,-3.660405647355635,40.39382977920336,-3.6659362429356372,1846.3020463737078,Calle Arroyo del Olivar nº 6,236.0,Concordia
177331,Instalación Deportiva Municipal Básica Parque Adelfas,40.40327621720137,-3.668687789801956,40.40635,-3.670422,393.0696708532431,Plaza del Conde de Casal nº 8,81.0,Conde de Casal
4629936,Instalación Deportiva Municipal Básica Parque Agustín Rodríguez Sahagún I,40.46757296045154,-3.709596082138284,40.45673408797698,-3.708002730875242,1219.59935337652,Calle Francos Rodríguez nº 62,247.0,Francos Rodríguez
4549250,Instalación Deportiva Municipal Básica Parque Agustín Rodríguez Sahagún II,40.47406445678991,-3.687898995406082,40.47435,-3.68797,32.75849534811233,Calle Sinesio Delgado nº 2,256.0,Torre Cepsa
6310206,Instalación Deportiva Municipal Básica Parque Alfredo Kraus,40.470138614017166,-3.638880685402964,40.44370542379883,-3.648958444298144,3149.9416602393067,Calle Carlota O'Neill nº 32,238.0,Carlota O’Neill
4560975,Instalación Deportiva Municipal Básica Parque Aluche,40.39675520974048,-3.757541291696218,40.40913630273305,-3.728533714316331,3517.2949196541554,Calle Caramuel nº 51,232.0,Caramuel
6308759,Instalación Deportiva Municipal Básica Parque Arroyo Fresno,40.49284296962057,-3.7169069720385446,40.481086,-3.688463,3432.3143762606055,Calle Pedro Rico nº 4,225.0,Pedro Rico
4527839,Instalación Deportiva Municipal Básica Parque Arroyo Pozuelo I,40.451500510488586,-3.772885180717082,40.45109,-3.72937,4854.703041240497,Avenida Complutense nº 23,269.0,Facultad Derecho
4628264,Instalación Deportiva Municipal Básica Parque Boadilla,40.39882092157157,-3.76670867691338,40.40913630273305,-3.728533714316331,4410.819798934448,Calle Caramuel nº 51,232.0,Caramuel
68718,Instalación Deportiva Municipal Básica Parque Breogán,40.43714103865148,-3.660887719467943,40.43666,-3.66096,54.15256136018106,Avenida de Brasilia frente al nº 9,248.0,Avenida Brasilia
4580177,Instalación Deportiva Municipal Básica Parque Calle Onil,40.38610150059709,-3.7692152839405386,40.40913630273305,-3.728533714316331,5212.67438411275,Calle Caramuel nº 51,232.0,Caramuel
4561114,Instalación Deportiva Municipal Básica Parque Caramuel,40.40646058007316,-3.7291064770611655,40.40913630273305,-3.728533714316331,304.63616089066204,Calle Caramuel nº 51,232.0,Caramuel
4549030,Instalación Deportiva Municipal Básica Parque Cedral,40.462882951414265,-3.665044100462656,40.46041,-3.67712,1374.8887452766994,Avenida Pío XII nº 3,262.0,Pío XII
6336549,Instalación Deportiva Municipal Básica Parque Cerro Almodovar,40.39490618723927,-3.748188333818695,40.40913630273305,-3.728533714316331,2704.9708241443686,Calle Caramuel nº 51,232.0,Caramuel
4563497,Instalación Deportiva Municipal Básica Parque Cerro Almodóvar,40.38168820146643,-3.602327770076511,40.400368,-3.634587,4155.892900610609,Calle Hacienda de Pavones nº 342,229.0,Pavones
4541384,Instalación Deportiva Municipal Básica Parque Cuña Verde,40.40969329689759,-3.618025439807104,40.400368,-3.634587,2119.0158470048545,Calle Hacienda de Pavones nº 342,229.0,Pavones
4547556,Instalación Deportiva Municipal Básica Parque Darwin,40.40636372950178,-3.654976847656905,40.40617,-3.65122,419.61640340375016,Calle Arroyo de las Pilillas nº 6,228.0,Plaza del Encuentro
4547672,Instalación Deportiva Municipal Básica Parque Deportivo Doctor García Tapia 1,40.412165904142334,-3.656506372334948,40.41053,-3.65779,231.65726832628883,Calle Camino de los Vinateros nº 28,226.0,Camino Vinateros
4664733,Instalación Deportiva Municipal Básica Parque Deportivo Doctor García Tapia 2,40.4121646993816,-3.6567185117699,40.41053,-3.65779,217.71484577274836,Calle Camino de los Vinateros nº 28,226.0,Camino Vinateros
10283400,Instalación Deportiva Municipal Básica Parque Doña Guiomar I - Sporting de Hortaleza,40.478288972462366,-3.655462973049023,40.46041,-3.67712,3130.0582299612347,Avenida Pío XII nº 3,262.0,Pío XII
4540094,Instalación Deportiva Municipal Básica Parque Doña Guiomar II,40.47600256074518,-3.6551340067790528,40.46041,-3.67712,3004.587795966018,Avenida Pío XII nº 3,262.0,Pío XII
4540131,Instalación Deportiva Municipal Básica Parque Doña Guiomar III,40.47645416086136,-3.656518693476812,40.46041,-3.67712,2910.4714183010624,Avenida Pío XII nº 3,262.0,Pío XII
4548463,Instalación Deportiva Municipal Básica Parque El Calero,40.43628667197228,-3.6526968257803736,40.4351256,-3.6554918,337.4987623132455,Calle Virgen de la Alegría nº 18,197.0,Avenida Donostiarra
4556549,Instalación Deportiva Municipal Básica Parque Estafeta,40.37401825584634,-3.692570044259999,40.389258643579105,-3.6903589643353483,1714.387536484788,Calle Sodio nº 1B,243.0,Embajadores 191
4542810,Instalación Deportiva Municipal Básica Parque Eugenia de Montijo,40.378270955401405,-3.754424500702019,40.40913630273305,-3.728533714316331,4488.6319856224745,Calle Caramuel nº 51,232.0,Caramuel
6289003,Instalación Deportiva Municipal Básica Parque Gabriela Mistral,40.48446752254184,-3.7336783173806616,40.45109,-3.72937,3746.524505600627,Avenida Complutense nº 23,269.0,Facultad Derecho
4579951,Instalación Deportiva Municipal Básica Parque General García Escámez,40.38272961974866,-3.769589261985271,40.40913630273305,-3.728533714316331,5442.269079746123,Calle Caramuel nº 51,232.0,Caramuel
6331268,Instalación Deportiva Municipal Básica Parque Huerta de la Salud,40.475722025270905,-3.646658003339625,40.44370542379883,-3.648958444298144,3573.2972324035863,Calle Carlota O'Neill nº 32,238.0,Carlota O’Neill
4542218,Instalación Deportiva Municipal Básica Parque Huerta del Obispo,40.346421062891125,-3.713682325360813,40.38895,-3.70017,4968.466890487314,Calle Antonio López nº 129,221.0,Glorieta de Cádiz
4583138,Instalación Deportiva Municipal Básica Parque La Viña,40.38641877802191,-3.672043768859728,40.3941388,-3.6758888,960.4747321513285,Calle Retama nº 5,188.0,Méndez Álvaro
4583318,Instalación Deportiva Municipal Básica Parque Luis Buñuel,40.387331578974056,-3.64463649187668,40.400368,-3.634587,1833.7303384678257,Calle Hacienda de Pavones nº 342,229.0,Pavones
4584491,Instalación Deportiva Municipal Básica Parque Madrid Sur,40.383292552889394,-3.661115147599702,40.39382977920336,-3.6659362429356372,1290.400751886991,Calle Arroyo del Olivar nº 6,236.0,Concordia
4541879,Instalación Deportiva Municipal Básica Parque Manoteras - Vélez Rubio,40.47727672099341,-3.66392377192171,40.4716,-3.68391,2317.2680186070497,Calle Rodríguez Jaén nº 40,260.0,Chamartín
6284785,Instalación Deportiva Municipal Básica Parque Manuel Azaña,40.43223738609814,-3.6597904281119016,40.4311944,-3.6590555,142.12969069052897,Avenida de Daroca nº 2,196.0,Puente de Ventas
4581044,Instalación Deportiva Municipal Básica Parque Marchamalo,40.39753890847985,-3.647856496992466,40.40617,-3.65122,1031.4633465108363,Calle Arroyo de las Pilillas nº 6,228.0,Plaza del Encuentro
6348740,Instalación Deportiva Municipal Básica Parque Martala I,40.40890578131284,-3.6402341225344186,40.408264,-3.646697,724.4327208984802,Calle Camino de los Vinateros nº 108,227.0,Marroquina
4548485,Instalación Deportiva Municipal Básica Parque Martala II,40.40689300555575,-3.639284014096078,40.408264,-3.646697,840.847199665327,Calle Camino de los Vinateros nº 108,227.0,Marroquina
4556019,Instalación Deportiva Municipal Básica Parque Meseta,40.3673502443602,-3.7076605178679096,40.38895,-3.70017,2545.5251359445083,Calle Antonio López nº 129,221.0,Glorieta de Cádiz
6298598,Instalación Deportiva Municipal Básica Parque Norte,40.50393528202896,-3.660586880454314,40.47938,-3.68532,3883.773934107139,Paseo de la Castellana nº 298,257.0,Manuel Caldeiro
4556557,Instalación Deportiva Municipal Básica Parque Olof Palme,40.38493457007619,-3.7122978851036135,40.39440607959559,-3.7080429728445563,1156.2762418641228,Calle San Delfín nº 9,235.0,San Delfín
4671014,Instalación Deportiva Municipal Básica Parque Plata y Castañar,40.34867826813893,-3.7158020843006376,40.38895,-3.70017,4810.239702924045,Calle Antonio López nº 129,221.0,Glorieta de Cádiz
4555864,Instalación Deportiva Municipal Básica Parque Pradolongo,40.37663024615052,-3.7119630453827375,40.38895,-3.70017,1900.3895426265399,Calle Antonio López nº 129,221.0,Glorieta de Cádiz
4564008,Instalación Deportiva Municipal Básica Parque Rafael Finat,40.382518789271934,-3.7660643557917455,40.40913630273305,-3.728533714316331,5129.260332719994,Calle Caramuel nº 51,232.0,Caramuel
4556430,Instalación Deportiva Municipal Básica Parque San Blas,40.43147962796436,-3.62093644615012,40.429706,-3.640994,2245.982775966546,Calle Gutierre de Cetina nº 77,223.0,Gutierre de Cetina
4543839,Instalación Deportiva Municipal Básica Parque San Luciano,40.362851102048886,-3.697873422713208,40.38895,-3.70017,2916.5893236703846,Calle Antonio López nº 129,221.0,Glorieta de Cádiz
4541916,Instalación Deportiva Municipal Básica Parque Santa Adela,40.479644201807766,-3.648385573479989,40.46041,-3.67712,3854.621625801027,Avenida Pío XII nº 3,262.0,Pío XII
4564041,Instalación Deportiva Municipal Básica Parque Sector Surbatán,40.40436959754291,-3.744793029127447,40.40913630273305,-3.728533714316331,1889.857493058006,Calle Caramuel nº 51,232.0,Caramuel
6300744,Instalación Deportiva Municipal Básica Parque Supermanzana 7,40.485480168010525,-3.702646262123085,40.481086,-3.688463,1656.0541257957332,Calle Pedro Rico nº 4,225.0,Pedro Rico
4554591,Instalación Deportiva Municipal Básica Parque Tanatorio (Salvador Madariaga),40.439387584092685,-3.65714841286524,40.43965673033275,-3.6557656204708775,157.12867562686537,Calle Derechos Humanos nº 12,239.0,Derechos Humanos
4548199,Instalación Deportiva Municipal Básica Parque Z,40.41028156820145,-3.645562579322765,40.408264,-3.646697,257.7885750323425,Calle Camino de los Vinateros nº 108,227.0,Marroquina
4548746,Instalación Deportiva Municipal Básica Parque de Atenas,40.41761845138696,-3.720185155062114,40.413736,-3.717487,526.6744410345858,Calle Segovia nº 45,175.0,Segovia 45
4547247,Instalación Deportiva Municipal Básica Parque de Berlín,40.44894781410388,-3.674069559283149,40.4515833,-3.6780555,532.6970870535354,Avenida de Concha Espina nº 34,205.0,Parque Berlín
4543052,Instalación Deportiva Municipal Básica Parque de Comillas,40.39308760343943,-3.715247014237789,40.398247,-3.716591,593.5875248092009,Glorieta Marqués de Vadillo nº 9,220.0,Marqués de Vadillo
4531216,Instalación Deportiva Municipal Básica Parque de Roma I,40.41604342375633,-3.662189960446734,40.4186666,-3.6657777,495.4118958476166,Calle Alcalde Sáinz de Baranda frente al nº 107,190.0,Parque Roma
4685044,Instalación Deportiva Municipal Básica Parque de Roma III,40.41909788049616,-3.665261052668208,40.4186666,-3.6657777,75.00842442298769,Calle Alcalde Sáinz de Baranda frente al nº 107,190.0,Parque Roma
4542098,Instalación Deportiva Municipal Básica Parque de San Isidro - Gorrión,40.39630479229722,-3.729515382797533,40.406837862773465,-3.7244893989507686,1299.691522525573,Paseo de la Ermita del Santo nº 48,231.0,Ermita Santo
4651979,Instalación Deportiva Municipal Básica Parque de San Isidro - Vicente Quesada,40.396901588702576,-3.7305941211312255,40.406837862773465,-3.7244893989507686,1298.9384689801368,Paseo de la Ermita del Santo nº 48,231.0,Ermita Santo
7108009,Instalación Deportiva Municipal Básica Parque de Skateboard Ignacio Echeverría,40.3933877847248,-3.698565632659468,40.3928821,-3.6975708,124.43624384950712,Paseo de la Chopera nº 14,135.0,Entrada Matadero
4542532,Instalación Deportiva Municipal Básica Parque de Villa Rosa,40.46658460115245,-3.629846894727888,40.44370542379883,-3.648958444298144,3321.326193034261,Calle Carlota O'Neill nº 32,238.0,Carlota O’Neill
6299525,Instalación Deportiva Municipal Básica Parque de la Alcazaba,40.47439527561677,-3.7032857055134234,40.4630277,-3.6973333,1429.0626299973844,Calle Azucenas nº 1,215.0,Remonta
10915659,Instalación Deportiva Municipal Básica Parque de la Cornisa,40.40963177567964,-3.713877154857581,40.4108,-3.714113,132.68075578861308,Plaza de San Francisco nº 5,41.0,Plaza de San Francisco
4549233,Instalación Deportiva Municipal Básica Parque de la Ventilla,40.47345238657359,-3.695336575110429,40.47435,-3.68797,827.8013026953575,Calle Sinesio Delgado nº 2,256.0,Torre Cepsa
4541767,Instalación Deportiva Municipal Básica Parque de la Vicalvarada,40.41079351896063,-3.607616723630345,40.400368,-3.634587,3224.4251675309547,Calle Hacienda de Pavones nº 342,229.0,Pavones
4659840,Instalación Deportiva Municipal Básica Parque de las Cruces,40.37699575251428,-3.7537977166449226,40.40913630273305,-3.728533714316331,4554.6051318078125,Calle Caramuel nº 51,232.0,Caramuel
4563656,Instalación Deportiva Municipal Básica Parque de las Cruces I,40.37720878002907,-3.7625290993275855,40.40913630273305,-3.728533714316331,5197.566330497936,Calle Caramuel nº 51,232.0,Caramuel
4579932,Instalación Deportiva Municipal Básica Parque de las Cruces II,40.38268060798509,-3.7633919044762303,40.40913630273305,-3.728533714316331,4878.03730194409,Calle Caramuel nº 51,232.0,Caramuel
4527901,Instalación Deportiva Municipal Básica Parque de los Carneros,40.45601148525373,-3.782631360506098,40.45109,-3.72937,5966.994185041865,Avenida Complutense nº 23,269.0,Facultad Derecho
4538506,Instalación Deportiva Municipal Básica Parque del Cementerio,40.423889584580586,-3.694048986151304,40.423855,-3.694475,47.67808535157584,Plaza de las Salesas 7,30.0,Plaza de las Salesas
4527217,Instalación Deportiva Municipal Básica Parque del Oeste,40.430092287929895,-3.723207635665132,40.4325991,-3.7246532,322.30050012228673,Paseo de Moret nº 11,119.0,Paseo de Moret
6300752,Instalación Deportiva Municipal Básica Parque la Milanera (La Coma),40.48459542261755,-3.72483060450493,40.45673408797698,-3.708002730875242,3625.370182538314,Calle Francos Rodríguez nº 62,247.0,Francos Rodríguez
4541749,Instalación Deportiva Municipal Básica Paseo del Polideportivo,40.4080356871113,-3.602653807821838,40.400368,-3.634587,3662.7335790695697,Calle Hacienda de Pavones nº 342,229.0,Pavones
5706297,Instalación Deportiva Municipal Básica Patrimonio Humanidad,40.36130109566346,-3.7594290655278826,40.398247,-3.716591,6304.98187658975,Glorieta Marqués de Vadillo nº 9,220.0,Marqués de Vadillo
4542833,Instalación Deportiva Municipal Básica Peonías - José Miguel Vicens,40.45063098748498,-3.617916808553848,40.429706,-3.640994,3471.588227385899,Calle Gutierre de Cetina nº 77,223.0,Gutierre de Cetina
4659237,Instalación Deportiva Municipal Básica Piedrahíta,40.3763711378577,-3.74031455284556,40.398247,-3.716591,3596.4126886461813,Glorieta Marqués de Vadillo nº 9,220.0,Marqués de Vadillo
4548093,Instalación Deportiva Municipal Básica Pinar de la Elipa,40.42042743288963,-3.653286144553088,40.422962108947424,-3.6555552857442697,379.05207021565735,Avenida Marqués de Corbera nº 12,241.0,Marqués de Corbera 12
4555992,Instalación Deportiva Municipal Básica Pinos de Osuna,40.45067715296623,-3.591878464060468,40.429706,-3.640994,5955.084557864908,Calle Gutierre de Cetina nº 77,223.0,Gutierre de Cetina
4527937,Instalación Deportiva Municipal Básica Pirineos,40.45764922875292,-3.716226091186498,40.45673408797698,-3.708002730875242,922.984185477322,Calle Francos Rodríguez nº 62,247.0,Francos Rodríguez
6308752,Instalación Deportiva Municipal Básica Pista Deportiva P.A.R. La Alcazaba,40.46441766170416,-3.720521169144801,40.45673408797698,-3.708002730875242,1637.6039962716206,Calle Francos Rodríguez nº 62,247.0,Francos Rodríguez
6297431,Instalación Deportiva Municipal Básica Pista Deportiva Palas del Rey,40.50393528202896,-3.660586880454314,40.47938,-3.68532,3883.773934107139,Paseo de la Castellana nº 298,257.0,Manuel Caldeiro
6313019,Instalación Deportiva Municipal Básica Pista Deportiva Parque Miguel Aracil,40.474228324656366,-3.7273498394981854,40.45109,-3.72937,2585.586461148083,Avenida Complutense nº 23,269.0,Facultad Derecho
6298263,Instalación Deportiva Municipal Básica Pista Deportiva Parque de Begoña,40.483895554775785,-3.684471539316277,40.47938,-3.68532,511.50193188475816,Paseo de la Castellana nº 298,257.0,Manuel Caldeiro
6309100,Instalación Deportiva Municipal Básica Pista P.A.R. Moralzarzal,40.49398709862307,-3.712613875660898,40.481086,-3.688463,3052.9621054915456,Calle Pedro Rico nº 4,225.0,Pedro Rico
5935255,Instalación Deportiva Municipal Básica Pista de Patinaje Anfevi,40.403438145048085,-3.640076254498283,40.400368,-3.634587,701.2197417285211,Calle Hacienda de Pavones nº 342,229.0,Pavones
5689074,Instalación Deportiva Municipal Básica Pista de Patinaje Avenida Niza,40.42658241694823,-3.606662437467681,40.429706,-3.640994,3845.1829960876216,Calle Gutierre de Cetina nº 77,223.0,Gutierre de Cetina
6297117,Instalación Deportiva Municipal Básica Pista de Petanca Centro de Mayores La Vaguada,40.47876758357458,-3.7086993281311904,40.4630277,-3.6973333,2162.7851631010553,Calle Azucenas nº 1,215.0,Remonta
6309581,Instalación Deportiva Municipal Básica Pista de Petanca Parque Fuencarral,40.49892401860584,-3.687244155098763,40.481086,-3.688463,1990.3684080834578,Calle Pedro Rico nº 4,225.0,Pedro Rico
6297357,Instalación Deportiva Municipal Básica Pista de Petanca de Islas Jarvi,40.50051587389093,-3.675482387492565,40.47938,-3.68532,2596.1657790903155,Paseo de la Castellana nº 298,257.0,Manuel Caldeiro
6339339,Instalación Deportiva Municipal Básica Pista de Skate,40.46913760683904,-3.7115353164247873,40.45673408797698,-3.708002730875242,1435.8872518042745,Calle Francos Rodríguez nº 62,247.0,Francos Rodríguez
6339254,Instalación Deportiva Municipal Básica Pistas de Petanca Dehesa de la Villa,40.45444788431354,-3.703537628987032,40.4535,-3.7032777,109.42942679466329,Calle Navarra nº 1,213.0,Estrecho
4556570,Instalación Deportiva Municipal Básica Plan Parcial,40.37150107432453,-3.709517912115378,40.38895,-3.70017,2204.617387805519,Calle Antonio López nº 129,221.0,Glorieta de Cádiz
10915705,Instalación Deportiva Municipal Básica Plaza Arturo Barea,40.41246022343046,-3.714538784977571,40.4138333,-3.7135833,186.34423157981107,Calle Segovia nº 26,174.0,Segovia 26
4542220,Instalación Deportiva Municipal Básica Plaza Colonia Oroquieta,40.35259550841902,-3.692409706865038,40.389258643579105,-3.6903589643353483,4087.7276869983334,Calle Sodio nº 1B,243.0,Embajadores 191
6299567,Instalación Deportiva Municipal Básica Plaza Fonsagrada,40.477264048276304,-3.70791408832815,40.4630277,-3.6973333,1976.024531256201,Calle Azucenas nº 1,215.0,Remonta
4557585,Instalación Deportiva Municipal Básica Plaza Munguía,40.37123807139888,-3.712730825889534,40.38895,-3.70017,2418.859720649744,Calle Antonio López nº 129,221.0,Glorieta de Cádiz
4555963,Instalación Deportiva Municipal Básica Plaza Vallandes,40.39112392741988,-3.7049283470996777,40.3917871,-3.7026789,261.565602842634,Calle Eugenio Caxes frente al nº 12,230.0,Antonio López
6299604,Instalación Deportiva Municipal Básica Plaza de Arteijo,40.47753278561133,-3.706471117652205,40.4630277,-3.6973333,1909.5325134652821,Calle Azucenas nº 1,215.0,Remonta
4548967,Instalación Deportiva Municipal Básica Plaza de Bami - Benidorm,40.43086574120876,-3.655438508692452,40.4311944,-3.6590555,405.1187088847444,Avenida de Daroca nº 2,196.0,Puente de Ventas
10915713,Instalación Deportiva Municipal Básica Plaza de María Soledad Torres Acosta,40.41246022343046,-3.714538784977571,40.4138333,-3.7135833,186.34423157981107,Calle Segovia nº 26,174.0,Segovia 26
4557484,Instalación Deportiva Municipal Básica Plaza de Sestao,40.37003619714949,-3.716240027654892,40.38895,-3.70017,2765.258784125117,Calle Antonio López nº 129,221.0,Glorieta de Cádiz
4549875,Instalación Deportiva Municipal Básica Plaza de la Orotava,40.43187659610899,-3.634109110520359,40.429706,-3.640994,805.0851844002327,Calle Gutierre de Cetina nº 77,223.0,Gutierre de Cetina
10915708,Instalación Deportiva Municipal Básica Plaza del Campillo de Mundo Nuevo,40.41246022343046,-3.714538784977571,40.4138333,-3.7135833,186.34423157981107,Calle Segovia nº 26,174.0,Segovia 26
4554531,Instalación Deportiva Municipal Básica Poblado Dirigido La Elipa,40.42181734986071,-3.656022586072076,40.422962108947424,-3.6555552857442697,137.6826534125618,Avenida Marqués de Corbera nº 12,241.0,Marqués de Corbera 12
5688632,Instalación Deportiva Municipal Básica Pobladura del Valle,40.42474106519291,-3.620898051733735,40.429706,-3.640994,2308.7026967127354,Calle Gutierre de Cetina nº 77,223.0,Gutierre de Cetina
4531342,Instalación Deportiva Municipal Básica Poeta Esteban Villegas,40.40875051210095,-3.683108580090566,40.4051451,-3.6803874,503.2143083772595,Avenida de Menéndez Pelayo nº 38,83.0,Puerta de Granada
4546653,Instalación Deportiva Municipal Básica Polígono 20,40.44961759191476,-3.6641939594197392,40.44421,-3.66683,669.9480157404297,Calle Santa Hortensia nº 31,259.0,Corazón de María
4557627,Instalación Deportiva Municipal Básica Polígono de las Rosas,40.425863011303306,-3.602966146720566,40.429706,-3.640994,4263.232235727419,Calle Gutierre de Cetina nº 77,223.0,Gutierre de Cetina
4550112,Instalación Deportiva Municipal Básica Polígono de África,40.4203329571052,-3.629721806497472,40.429706,-3.640994,1633.8924842505503,Calle Gutierre de Cetina nº 77,223.0,Gutierre de Cetina
6218289,Instalación Deportiva Municipal Básica Pradillo,40.4490802538165,-3.672985961911911,40.4441388,-3.6751388,600.2153258684267,Calle Suero de Quiñones nº 2,204.0,Prosperidad
4560398,Instalación Deportiva Municipal Básica Pradillo - Santa Marca,40.4490802538165,-3.672985961911911,40.4441388,-3.6751388,600.2153258684267,Calle Suero de Quiñones nº 2,204.0,Prosperidad
4560680,Instalación Deportiva Municipal Básica Prosperidad,40.44901182281747,-3.672360271279946,40.4441388,-3.6751388,624.7632267379792,Calle Suero de Quiñones nº 2,204.0,Prosperidad
4554394,Instalación Deportiva Municipal Básica Pueblo Nuevo II,40.43092216576642,-3.6389220332415686,40.429706,-3.640994,267.84956328017296,Calle Gutierre de Cetina nº 77,223.0,Gutierre de Cetina
4549863,Instalación Deportiva Municipal Básica Puente Ventas,40.43223738609814,-3.6597904281119016,40.4311944,-3.6590555,142.12969069052897,Avenida de Daroca nº 2,196.0,Puente de Ventas
4584733,Instalación Deportiva Municipal Básica Puerto Balbarán,40.385626656274496,-3.6703746985545727,40.39382977920336,-3.6659362429356372,1038.7491237257198,Calle Arroyo del Olivar nº 6,236.0,Concordia
4584467,Instalación Deportiva Municipal Básica Puerto Corlite,40.38652159660646,-3.654113042627941,40.39382977920336,-3.6659362429356372,1549.5799941895218,Calle Arroyo del Olivar nº 6,236.0,Concordia
4584683,Instalación Deportiva Municipal Básica Puerto Costabona,40.38534920722133,-3.659085275095322,40.39382977920336,-3.6659362429356372,1214.5980367491313,Calle Arroyo del Olivar nº 6,236.0,Concordia
10283172,Instalación Deportiva Municipal Básica Puerto Costabona Tenis,40.383547463802486,-3.657489035180435,40.39382977920336,-3.6659362429356372,1482.5715372158888,Calle Arroyo del Olivar nº 6,236.0,Concordia
4538569,Instalación Deportiva Municipal Básica Puerto Lumbreras,40.38134838588081,-3.620134273150991,40.400368,-3.634587,2661.1330934814678,Calle Hacienda de Pavones nº 342,229.0,Pavones
4582782,Instalación Deportiva Municipal Básica Puerto Monasterio,40.39446617270601,-3.663852045873069,40.39382977920336,-3.6659362429356372,243.04120715701637,Calle Arroyo del Olivar nº 6,236.0,Concordia
4547250,Instalación Deportiva Municipal Básica Puerto Rico,40.45912717792007,-3.6742066744010815,40.4572466,-3.6763439,317.2733003150601,Calle Colombia nº 7,172.0,Colombia
4584508,Instalación Deportiva Municipal Básica Puerto Velate,40.38385291081796,-3.656054694044056,40.39382977920336,-3.6659362429356372,1564.7523936769815,Calle Arroyo del Olivar nº 6,236.0,Concordia
4543988,Instalación Deportiva Municipal Básica Puerto de Béjar,40.38829590912064,-3.686825277248739,40.389258643579105,-3.6903589643353483,408.4939663195043,Calle Sodio nº 1B,243.0,Embajadores 191
10283212,Instalación Deportiva Municipal Básica Puerto de Costabona,40.38534920722133,-3.659085275095322,40.39382977920336,-3.6659362429356372,1214.5980367491313,Calle Arroyo del Olivar nº 6,236.0,Concordia
7267217,Instalación Deportiva Municipal Básica Pádel - Madrid Las Tablas,40.50272219093648,-3.674088278900579,40.47938,-3.68532,2884.724259592157,Paseo de la Castellana nº 298,257.0,Manuel Caldeiro
4557262,Instalación Deportiva Municipal Básica Quinta de Los Molinos I,40.441749846959226,-3.624297141481054,40.429706,-3.640994,2294.810186875688,Calle Gutierre de Cetina nº 77,223.0,Gutierre de Cetina
6346926,Instalación Deportiva Municipal Básica Quinta de Los Molinos II,40.44056376610166,-3.633660128447063,40.429706,-3.640994,1459.4919410105679,Calle Gutierre de Cetina nº 77,223.0,Gutierre de Cetina
4544060,Instalación Deportiva Municipal Básica Ramírez de Prado,40.39931615081684,-3.6894943693155353,40.400781,-3.6882407,214.82074151835874,Calle Juan Martín el Empecinado nº 16,126.0,Juan Martín
4633340,Instalación Deportiva Municipal Básica Ramón Gómez de la Serna,40.48459542261755,-3.72483060450493,40.45673408797698,-3.708002730875242,3625.370182538314,Calle Francos Rodríguez nº 62,247.0,Francos Rodríguez
6331303,Instalación Deportiva Municipal Básica Ramón Power,40.46286014432641,-3.6321829085902193,40.44370542379883,-3.648958444298144,2836.9246686062975,Calle Carlota O'Neill nº 32,238.0,Carlota O’Neill
4584500,Instalación Deportiva Municipal Básica Ramón Pérez de Ayala,40.39993169276006,-3.65170924804004,40.40617,-3.65122,696.5862449802764,Calle Arroyo de las Pilillas nº 6,228.0,Plaza del Encuentro
4556628,Instalación Deportiva Municipal Básica Rancho del Cordobés,40.36863673526262,-3.6960838611781632,40.38895,-3.70017,2306.7456253426553,Calle Antonio López nº 129,221.0,Glorieta de Cádiz
5870423,Instalación Deportiva Municipal Básica Recinto Ferial San Antonio de la Florida,40.42540456917053,-3.7265642881836016,40.4219665,-3.7224983,593.4763211729147,Paseo de la Florida nº 8,132.0,Paseo de la Florida
4544084,Instalación Deportiva Municipal Básica Ricardo Damas,40.38516507804954,-3.692142254888889,40.389258643579105,-3.6903589643353483,497.22118456499044,Calle Sodio nº 1B,243.0,Embajadores 191
4584706,Instalación Deportiva Municipal Básica Ronda Sur,40.3736230480929,-3.663164496710361,40.39382977920336,-3.6659362429356372,2270.552171701986,Calle Arroyo del Olivar nº 6,236.0,Concordia
4547299,Instalación Deportiva Municipal Básica Rosa Jardón,40.46547349226097,-3.6688677974512,40.46041,-3.67712,1079.3882801954285,Avenida Pío XII nº 3,262.0,Pío XII
4583429,Instalación Deportiva Municipal Básica San Anselmo,40.3858046479703,-3.655036851643162,40.39382977920336,-3.6659362429356372,1508.7206914886094,Calle Arroyo del Olivar nº 6,236.0,Concordia
5695702,Instalación Deportiva Municipal Básica San Aureliano,40.34255142792559,-3.715902155501163,40.38895,-3.70017,5455.072741134307,Calle Antonio López nº 129,221.0,Glorieta de Cádiz
4566165,Instalación Deportiva Municipal Básica San Benigno,40.40467084433323,-3.7371479929917073,40.40913630273305,-3.728533714316331,1081.9314265538342,Calle Caramuel nº 51,232.0,Caramuel
5694370,Instalación Deportiva Municipal Básica San Cristóbal de Los Ángeles II,40.343480612836665,-3.6889961753443936,40.389258643579105,-3.6903589643353483,5098.254048218931,Calle Sodio nº 1B,243.0,Embajadores 191
5694411,Instalación Deportiva Municipal Básica San Cristóbal de Los Ángeles III,40.33966893636725,-3.690641012544881,40.389258643579105,-3.6903589643353483,5520.390614826368,Calle Sodio nº 1B,243.0,Embajadores 191
4548698,Instalación Deportiva Municipal Básica San Juan Bautista - Cidamón,40.451304609076615,-3.655896497411837,40.44315,-3.65741,923.3325681711118,Calle Condesa de Venadito nº 2,222.0,Condesa de Venadito
4548148,Instalación Deportiva Municipal Básica San Lamberto,40.42153891136008,-3.6510925758289545,40.426207143200884,-3.651034981803642,519.7049006815902,Avenida Marqués de Corbera nº 52,242.0,Marqués de Corbera 52
4548691,Instalación Deportiva Municipal Básica San Pascual,40.43840494775814,-3.655676791131407,40.43965673033275,-3.6557656204708775,139.69963979996123,Calle Derechos Humanos nº 12,239.0,Derechos Humanos
4527560,Instalación Deportiva Municipal Básica San Pol,40.42361742020711,-3.727099101124258,40.4219665,-3.7224983,545.1544128393085,Paseo de la Florida nº 8,132.0,Paseo de la Florida
4669899,Instalación Deportiva Municipal Básica Sanchinarro I,40.48895117841952,-3.65146043719268,40.47938,-3.68532,3924.371318221416,Paseo de la Castellana nº 298,257.0,Manuel Caldeiro
4669966,Instalación Deportiva Municipal Básica Sanchinarro II,40.48895117841952,-3.65146043719268,40.47938,-3.68532,3924.371318221416,Paseo de la Castellana nº 298,257.0,Manuel Caldeiro
4669976,Instalación Deportiva Municipal Básica Sanchinarro III,40.49316433760569,-3.6611026501926633,40.47938,-3.68532,3106.8013136454456,Paseo de la Castellana nº 298,257.0,Manuel Caldeiro
4669997,Instalación Deportiva Municipal Básica Sanchinarro IV,40.48869693430128,-3.645393006068992,40.47938,-3.68532,4572.931126621783,Paseo de la Castellana nº 298,257.0,Manuel Caldeiro
4580475,Instalación Deportiva Municipal Básica Sanchorreja,40.40244721879577,-3.7564266531216193,40.40913630273305,-3.728533714316331,3199.518110890294,Calle Caramuel nº 51,232.0,Caramuel
6309993,Instalación Deportiva Municipal Básica Sangenjo,40.48884298191689,-3.698554678566628,40.481086,-3.688463,1418.7761208346412,Calle Pedro Rico nº 4,225.0,Pedro Rico
4547345,Instalación Deportiva Municipal Básica Santa Ana I,40.49451923627522,-3.694680766255544,40.481086,-3.688463,1648.405956441833,Calle Pedro Rico nº 4,225.0,Pedro Rico
4547356,Instalación Deportiva Municipal Básica Santa Ana II,40.49811073240421,-3.6936911073056353,40.481086,-3.688463,1982.88847126427,Calle Pedro Rico nº 4,225.0,Pedro Rico
4547254,Instalación Deportiva Municipal Básica Santa Hortensia,40.44378407690829,-3.6650091208692905,40.44421,-3.66683,208.57546653408565,Calle Santa Hortensia nº 31,259.0,Corazón de María
4542483,Instalación Deportiva Municipal Básica Santa Petronila,40.34832663162016,-3.692165872799477,40.389258643579105,-3.6903589643353483,4560.98669504184,Calle Sodio nº 1B,243.0,Embajadores 191
4545645,Instalación Deportiva Municipal Básica Santa Rita,40.3793200408424,-3.742667573019971,40.398247,-3.716591,3591.855647141403,Glorieta Marqués de Vadillo nº 9,220.0,Marqués de Vadillo
4542126,Instalación Deportiva Municipal Básica Santa Virgilia,40.47677211929309,-3.641609789568702,40.44370542379883,-3.648958444298144,3771.132815771252,Calle Carlota O'Neill nº 32,238.0,Carlota O’Neill
10967946,Instalación Deportiva Municipal Básica Santuario de Valverde (Montecarmenlo),40.50715972029972,-3.697498319643489,40.481086,-3.688463,3072.530848758495,Calle Pedro Rico nº 4,225.0,Pedro Rico
4627940,Instalación Deportiva Municipal Básica Sepúlveda,40.39882022766974,-3.755867569618557,40.40913630273305,-3.728533714316331,3258.3680095895593,Calle Caramuel nº 51,232.0,Caramuel
4566220,Instalación Deportiva Municipal Básica Seseña,40.397645805419295,-3.757739811336285,40.40913630273305,-3.728533714316331,3500.2477567891397,Calle Caramuel nº 51,232.0,Caramuel
6340686,Instalación Deportiva Municipal Básica Sierra Elvira,40.40514349396312,-3.660433235882449,40.40248333540473,-3.660188083470652,297.38745615237434,Calle Sierra Toledana nº 33,233.0,Doctor Lozano
4582306,Instalación Deportiva Municipal Básica Sierra del Valle,40.3906112368466,-3.658959835961348,40.39382977920336,-3.6659362429356372,856.7166999686948,Calle Arroyo del Olivar nº 6,236.0,Concordia
4528344,Instalación Deportiva Municipal Básica Sinesio Delgado,40.46387990945949,-3.7211400901596057,40.45673408797698,-3.708002730875242,1667.491769456815,Calle Francos Rodríguez nº 62,247.0,Francos Rodríguez
4555827,Instalación Deportiva Municipal Básica Soto Hidalgo,40.46124483748552,-3.5794097699469845,40.429706,-3.640994,7714.379357365461,Calle Gutierre de Cetina nº 77,223.0,Gutierre de Cetina
6342598,Instalación Deportiva Municipal Básica Talbot,40.36591698103636,-3.71073138828298,40.38895,-3.70017,2821.747564286838,Calle Antonio López nº 129,221.0,Glorieta de Cádiz
4557652,Instalación Deportiva Municipal Básica Telémaco,40.44742577488327,-3.63909008577834,40.44370542379883,-3.648958444298144,1176.0971171145427,Calle Carlota O'Neill nº 32,238.0,Carlota O’Neill
4659289,Instalación Deportiva Municipal Básica Tercio Terol,40.39473217663556,-3.728885688549131,40.398247,-3.716591,1426.2511429488434,Glorieta Marqués de Vadillo nº 9,220.0,Marqués de Vadillo
4548903,Instalación Deportiva Municipal Básica Torrelaguna (La Colina),40.453221291412646,-3.6610334457155886,40.44315,-3.65741,1191.7632369628009,Calle Condesa de Venadito nº 2,222.0,Condesa de Venadito
6210334,Instalación Deportiva Municipal Básica Torrespaña - Fuente del Berro,40.42129422167342,-3.6608740643380497,40.4250833,-3.6615277,428.05352788950637,Calle Sancho Dávila esquina Paseo Marqués de Zafra,193.0,Quinta Fuente del Berro
4547407,Instalación Deportiva Municipal Básica Tres Olivos I Pádel,40.49896370465188,-3.6908807947318554,40.481086,-3.688463,2008.3293818675875,Calle Pedro Rico nº 4,225.0,Pedro Rico
4547468,Instalación Deportiva Municipal Básica Tres Olivos II,40.50049078129212,-3.6934087819699295,40.481086,-3.688463,2229.4714700901727,Calle Pedro Rico nº 4,225.0,Pedro Rico
4669172,Instalación Deportiva Municipal Básica Tribaldos,40.46705463815002,-3.639405862507256,40.44370542379883,-3.648958444298144,2809.1529685156356,Calle Carlota O'Neill nº 32,238.0,Carlota O’Neill
4541945,Instalación Deportiva Municipal Básica Tribaldos II,40.467706247348325,-3.6356019707978606,40.44370542379883,-3.648958444298144,3059.074553972307,Calle Carlota O'Neill nº 32,238.0,Carlota O’Neill
4541972,Instalación Deportiva Municipal Básica Trinquete,40.472578003657866,-3.658209520963392,40.46041,-3.67712,2506.879065467099,Avenida Pío XII nº 3,262.0,Pío XII
4642633,Instalación Deportiva Municipal Básica UVA Pan Bendito,40.37554043596684,-3.734957451227099,40.398247,-3.716591,3253.7775120606907,Glorieta Marqués de Vadillo nº 9,220.0,Marqués de Vadillo
4539815,Instalación Deportiva Municipal Básica UVA de Vallecas,40.38055163644936,-3.6158152393748777,40.400368,-3.634587,3041.450827901434,Calle Hacienda de Pavones nº 342,229.0,Pavones
6309976,Instalación Deportiva Municipal Básica Urbanización Arroyo del Santo,40.45407070747356,-3.617972617050469,40.44370542379883,-3.648958444298144,3643.791836463202,Calle Carlota O'Neill nº 32,238.0,Carlota O’Neill
4547622,Instalación Deportiva Municipal Básica Urbis,40.41116588362631,-3.6420705862194342,40.408264,-3.646697,608.8215708727928,Calle Camino de los Vinateros nº 108,227.0,Marroquina
4541529,Instalación Deportiva Municipal Básica Valdebernardo,40.40033980287463,-3.618411260519516,40.400368,-3.634587,1804.290758699835,Calle Hacienda de Pavones nº 342,229.0,Pavones
4527695,Instalación Deportiva Municipal Básica Valdelasierra,40.39791145116776,-3.705800425076079,40.3974444,-3.7065277,96.35953610824936,Paseo de Yeserías nº 45,182.0,Madrid Río-Yeserías
4541401,Instalación Deportiva Municipal Básica Valderriba,40.40124935583484,-3.5979267062108398,40.400368,-3.634587,4090.3241677170968,Calle Hacienda de Pavones nº 342,229.0,Pavones
4528554,Instalación Deportiva Municipal Básica Valderromán,40.47081288448664,-3.721768680723159,40.45673408797698,-3.708002730875242,2194.1880895775826,Calle Francos Rodríguez nº 62,247.0,Francos Rodríguez
4542740,Instalación Deportiva Municipal Básica Valdetorres,40.47058975661767,-3.643627109650829,40.44370542379883,-3.648958444298144,3051.2627878178214,Calle Carlota O'Neill nº 32,238.0,Carlota O’Neill
4547454,Instalación Deportiva Municipal Básica Valdeyeros,40.48387386747736,-3.73068678732996,40.45109,-3.72937,3652.438576318619,Avenida Complutense nº 23,269.0,Facultad Derecho
4564299,Instalación Deportiva Municipal Básica Valle Inclán,40.37843087041222,-3.773851914617546,40.40913630273305,-3.728533714316331,6102.695860644727,Calle Caramuel nº 51,232.0,Caramuel
4547326,Instalación Deportiva Municipal Básica Vereda de Ganapanes,40.47131740905896,-3.7130564782441233,40.45673408797698,-3.708002730875242,1718.5113181700974,Calle Francos Rodríguez nº 62,247.0,Francos Rodríguez
4545662,Instalación Deportiva Municipal Básica Via Lusitana,40.37751706497499,-3.7286883543217897,40.398247,-3.716591,2673.280766841478,Glorieta Marqués de Vadillo nº 9,220.0,Marqués de Vadillo
4668039,Instalación Deportiva Municipal Básica Villa de Pons - Avenida de San Luis,40.47152762204448,-3.654689432548898,40.46041,-3.67712,2791.4284856830736,Avenida Pío XII nº 3,262.0,Pío XII
4556651,Instalación Deportiva Municipal Básica Villabona,40.36884826418275,-3.7145784474448007,40.38895,-3.70017,2755.1400315895976,Calle Antonio López nº 129,221.0,Glorieta de Cádiz
4544577,Instalación Deportiva Municipal Básica Villalonso,40.34963625511252,-3.7079934408457023,40.38895,-3.70017,4462.555671035389,Calle Antonio López nº 129,221.0,Glorieta de Cádiz
4528593,Instalación Deportiva Municipal Básica Virgen de la Estrella,40.408549764339305,-3.668127133397626,40.4084556,-3.6697526,181.62048234391227,Calle Doctor Esquerdo nº 161,87.0,Niño Jesús
4542820,Instalación Deportiva Municipal Básica Virgen del Cortijo,40.4896891338737,-3.662689114816123,40.47938,-3.68532,2773.055200776594,Paseo de la Castellana nº 298,257.0,Manuel Caldeiro
4549174,Instalación Deportiva Municipal Básica Vital Aza,40.43077285384415,-3.644721019010737,40.429706,-3.640994,432.3605333026394,Calle Gutierre de Cetina nº 77,223.0,Gutierre de Cetina
5567439,Instalación Deportiva Municipal Básica Yeseros,40.38139501897959,-3.629842097739682,40.400368,-3.634587,2177.3672077896263,Calle Hacienda de Pavones nº 342,229.0,Pavones
4527222,Instalación Deportiva Municipal Básica Yeserías I,40.40060409154897,-3.712719914790534,40.4016111,-3.7138055,165.02058657485736,Calle Toledo nº 181,177.0,Pirámides
4539144,Instalación Deportiva Municipal Básica Zazuar,40.38257934400676,-3.6054546139177392,40.400368,-3.634587,3805.3182609999694,Calle Hacienda de Pavones nº 342,229.0,Pavones
4556422,Instalación Deportiva Municipal Básica Zofío,40.38074653650551,-3.717932056980073,40.39440607959559,-3.7080429728445563,1878.5933232255288,Calle San Delfín nº 9,235.0,San Delfín
6300758,Instalación Deportiva Municipal Básica de Ribadeo y Verín,40.47758381895994,-3.7107514580551744,40.4630277,-3.6973333,2205.93030553752,Calle Azucenas nº 1,215.0,Remonta
6300709,Instalación Deportiva Municipal Básica del Poblado Dirigido (Olesa de Montserrat),40.49063911016057,-3.694227756362352,40.481086,-3.688463,1242.7596021213196,Calle Pedro Rico nº 4,225.0,Pedro Rico
6309560,Instalación Deportiva Municipal Básica paseo de la Vaguada,40.48016602497203,-3.711297805142757,40.4630277,-3.6973333,2463.0226246794264,Calle Azucenas nº 1,215.0,Remonta
10967935,Instalación Deportiva Municipal Básica poblado de Santa Ana,40.49452475361937,-3.694665369930073,40.481086,-3.688463,1648.2414667737448,Calle Pedro Rico nº 4,225.0,Pedro Rico
7107982,Instalación Deportiva Municipal Canal de Remo Puente de la Princesa,40.38826046424135,-3.697263762189049,40.38895,-3.70017,333.1592420319547,Calle Antonio López nº 129,221.0,Glorieta de Cádiz
4527223,Instalación Deportiva Municipal Embajadores M-30,40.38418473435094,-3.685817452497564,40.389258643579105,-3.6903589643353483,758.735065885374,Calle Sodio nº 1B,243.0,Embajadores 191
6208131,Instalación Deportiva Municipal Nave de Terneras,40.3933877847248,-3.698565632659468,40.3928821,-3.6975708,124.43624384950712,Paseo de la Chopera nº 14,135.0,Entrada Matadero
4556424,Instalación Deportiva Municipal Parque Calle Vado,40.38577014172646,-3.696401590634661,40.38895,-3.70017,549.5591783969514,Calle Antonio López nº 129,221.0,Glorieta de Cádiz
5567512,Instalación Deportiva Municipal Parque Lineal del Manzanares Victoriano González,40.37383457446904,-3.6826926059178593,40.389258643579105,-3.6903589643353483,1918.183569848368,Calle Sodio nº 1B,243.0,Embajadores 191
6280430,Instalación Deportiva Municipal Puente de Praga,40.39522836906418,-3.707009644057296,40.39440607959559,-3.7080429728445563,147.1950067154345,Calle San Delfín nº 9,235.0,San Delfín
7106793,Instalación Deportiva Municipal Pádel  Marqués de Monistrol,40.42217047822115,-3.7244049640242287,40.4219665,-3.7224983,213.90645383323937,Paseo de la Florida nº 8,132.0,Paseo de la Florida
6280408,Instalación Deportiva Municipal Rocódromo 'Roc 30',40.39927267070148,-3.718824070151145,40.398247,-3.716591,274.0281716911755,Glorieta Marqués de Vadillo nº 9,220.0,Marqués de Vadillo
38383,Instalación deportiva municipal básica Campo de Fútbol Gabriel Fernández,,,40.4172137,-3.7018341,1.7976931348623157e+308,Puerta del Sol nº 1,1.0,Puerta del Sol A
10967962,Parque Lineal UZI 0.06 Arroyofresno,40.487146568534655,-3.73286267010944,40.45109,-3.72937,4032.665527923177,Avenida Complutense nº 23,269.0,Facultad Derecho
10967954,Pista de Patinaje Paco de Lucía,40.38527831238433,-3.764155221627044,40.40913630273305,-3.728533714316331,4779.660155279829,Calle Caramuel nº 51,232.0,Caramuel
10967959,Pista de petanca Centro de Mayores La Vaguada,40.47903297218874,-3.708264188659831,40.4630277,-3.6973333,2159.0055420621243,Calle Azucenas nº 1,215.0,Remonta
