NOMBRE,Place address,name,address
Instalación Deportiva  Básica Embalse de San Juan,CALLE EMBALSE DE SAN JUAN 1,Pavones,Calle Hacienda de Pavones nº 342
Instalación Deportiva Básica Alto del Retiro,CALLE ALTO DEL RETIRO 13,Pavones,Calle Hacienda de Pavones nº 342
Instalación Deportiva Básica Avenida de Cerro Milano,AVENIDA CERRO MILANO 1,Pavones,Calle Hacienda de Pavones nº 342
Instalación Deportiva Básica Avenida de las Suertes,AVENIDA avenida de las Suertes s/n,Pavones,Calle Hacienda de Pavones nº 342
Instalación Deportiva Básica Avenida del Ensanche de Vallecas,AVENIDA ENSANCHE DE VALLECAS 11,Pavones,Calle Hacienda de Pavones nº 342
Instalación Deportiva Básica Avenida del Mediterráneo,INST. DEPORTIVA BASICA LUIS MITJANS s/n,Valderribas,Calle Doctor Esquerdo nº 191
Instalación Deportiva Básica Camino de la Suerte,CAMINO SUERTE 25,Pavones,Calle Hacienda de Pavones nº 342
Instalación Deportiva Básica Circuito de Automodelismo,CALLE NAVAMURES 2,Pavones,Calle Hacienda de Pavones nº 342
Instalación Deportiva Básica Colonia Vilda,CALLE PUENTELARRA 1,Pavones,Calle Hacienda de Pavones nº 342
Instalación Deportiva Básica Eduardo Chillida,CALLE EDUARDO CHILLIDA 1,Pavones,Calle Hacienda de Pavones nº 342
Instalación Deportiva Básica Jardines de José Luis Sampedro (junto al Centro Cultural Galileo),JARDIN JOSE LUIS SAMPEDRO s/n,Fernando el Católico,Calle Fernando el Católico nº 19
Instalación Deportiva Básica Jardines del Teniente Alcalde,CALLE Jardines del Teniente Alcalde 49,Canal,Calle José Abascal frente al nº 2
Instalación Deportiva Básica La Unión,CALLE ENRIQUE GARCIA ALVAREZ 58,Pavones,Calle Hacienda de Pavones nº 342
Instalación Deportiva Básica Nuestra Señora de la Torre,TRAVESIA PUERTO DE REINOSA 2,Pavones,Calle Hacienda de Pavones nº 342
Instalación Deportiva Básica P.A.R. Castrillo de Aza,AVENIDA SANTA EUGENIA 1,Pavones,Calle Hacienda de Pavones nº 342
Instalación Deportiva Básica Parkour,AVENIDA LA GAVIA 39,Pavones,Calle Hacienda de Pavones nº 342
Instalación Deportiva Básica Parque Real de Arganda,CALLE REAL DE ARGANDA 45,Pavones,Calle Hacienda de Pavones nº 342
Instalación Deportiva Básica Parque Santa Eugenia,CALLE ZAZUAR 12,Pavones,Calle Hacienda de Pavones nº 342
Instalación Deportiva Básica Parque Villa de Vallecas,CALLE PUERTO DE PORZUNA 50,Pavones,Calle Hacienda de Pavones nº 342
Instalación Deportiva Básica Parque de Enrique Herreros,CALLE BRAVO MURILLO 49,Canal,Calle José Abascal frente al nº 2
Instalación Deportiva Básica Parque del Cementerio,CALLE MONTES DE BARBANZA 15,Pavones,Calle Hacienda de Pavones nº 342
Instalación Deportiva Básica Parroquia Santa Eugenia,CALLE VIRGEN DE LAS VI&amp;Ntilde;AS 15,Pavones,Calle Hacienda de Pavones nº 342
Instalación Deportiva Básica Peñaranda de Bracamonte,CALLE PEÑARANDA DE BRACAMONTE 4,Pavones,Calle Hacienda de Pavones nº 342
Instalación Deportiva Básica Pista de Patinaje,CALLE PUERTO DE PORZUNA 0,Pavones,Calle Hacienda de Pavones nº 342
Instalación Deportiva Básica Poza de la Sal,CALLE POZA DE LA SAL 2,Pavones,Calle Hacienda de Pavones nº 342
Instalación Deportiva Básica Puentelarra,CALLE PUENTELARRA 12,Pavones,Calle Hacienda de Pavones nº 342
Instalación Deportiva Básica Puerto Lumbreras,INST. DEPORTIVA BASICA POZA DE LA SAL s/n,Pavones,Calle Hacienda de Pavones nº 342
Instalación Deportiva Básica Rocódromo,AVENIDA LA GAVIA 4,Pavones,Calle Hacienda de Pavones nº 342
Instalación Deportiva Básica Sala Municipal de Esgrima,AVENIDA FILIPINAS 7,Parque Santander,Calle Santander esquina con Avenida de Filipinas
Instalación Deportiva Básica Santa Eugenia,CALLE CERRO DE ALMODOVAR 11,Pavones,Calle Hacienda de Pavones nº 342
Instalación Deportiva Básica Skate Real de Arganda,CALLE REAL DE ARGANDA 49,Pavones,Calle Hacienda de Pavones nº 342
Instalación Deportiva Básica Stela Maris,CALLE PEÑARANDA DE BRACAMONTE 4,Pavones,Calle Hacienda de Pavones nº 342
Instalación Deportiva Municipal Básica Abrantes - Colonia Velázquez,AVENIDA ABRANTES 297,Marqués de Vadillo,Glorieta Marqués de Vadillo nº 9
Instalación Deportiva Municipal Básica Alameda de Osuna I,CALLE BALANDRO 1,Gutierre de Cetina,Calle Gutierre de Cetina nº 77
Instalación Deportiva Municipal Básica Alas,CALLE ALAS 2,Carlota O’Neill,Calle Carlota O'Neill nº 32
Instalación Deportiva Municipal Básica Albaicín,CALLE ALBAICIN 19,Glorieta de Cádiz,Calle Antonio López nº 129
Instalación Deportiva Municipal Básica Albaida,CALLE ALBAIDA S/N,Gutierre de Cetina,Calle Gutierre de Cetina nº 77
Instalación Deportiva Municipal Básica Alcalde Martín de Alzaga,CALLE ALCALDE MARTIN DE ALZAGA S/N,Francos Rodríguez,Calle Francos Rodríguez nº 62
Instalación Deportiva Municipal Básica Alerce,CALLE ALERCE 31,Glorieta de Cádiz,Calle Antonio López nº 129
Instalación Deportiva Municipal Básica Alfonso XIII,AVENIDA ALFONSO XIII 136,Colombia,Calle Colombia nº 7
Instalación Deportiva Municipal Básica Alhaurín,CALLE ALHAURIN 4,Carlota O’Neill,Calle Carlota O'Neill nº 32
Instalación Deportiva Municipal Básica Alicún,CALLE ALICUN 24,Chamartín,Calle Rodríguez Jaén nº 40
Instalación Deportiva Municipal Básica Aliseda,CALLE ALISEDA 0,Marqués de Vadillo,Glorieta Marqués de Vadillo nº 9
Instalación Deportiva Municipal Básica Almudena,CALLE NICOLAS SALMERON 8,Gutierre de Cetina,Calle Gutierre de Cetina nº 77
Instalación Deportiva Municipal Básica Ambulatorio (El Paraiso),CALLE AJOFRIN s/n,Gutierre de Cetina,Calle Gutierre de Cetina nº 77
Instalación Deportiva Municipal Básica Americio,CALLE AMERICIO s/n,,
Instalación Deportiva Municipal Básica Ana Tutor,AVENIDA CARDENAL HERRERA ORIA 216,Pedro Rico,Calle Pedro Rico nº 4
Instalación Deportiva Municipal Básica Andévalo,CALLE ANDEVALO 6,,
Instalación Deportiva Municipal Básica Anfevi,CALLE HACIENDA DE PAVONES 127,Pavones,Calle Hacienda de Pavones nº 342
Instalación Deportiva Municipal Básica Aniceto Marinas,CALLE ANICETO MARINAS 106,INEF,Avenida Juan de Herrera frente a la calle Paul Guinard
Instalación Deportiva Municipal Básica Antonio Machado,CALLE ANTONIO MACHADO 14,Francos Rodríguez,Calle Francos Rodríguez nº 62
Instalación Deportiva Municipal Básica Antonio Pirala,CALLE ANTONIO PIRALA s/n,Puente de Ventas,Avenida de Daroca nº 2
Instalación Deportiva Municipal Básica Arcaute,AVENIDA INVIERNO 1,Gutierre de Cetina,Calle Gutierre de Cetina nº 77
Instalación Deportiva Municipal Básica Arcos de Jalón,CALLE ARCOS DE JALON s/n,Gutierre de Cetina,Calle Gutierre de Cetina nº 77
Instalación Deportiva Municipal Básica Arequipa,CALLE AREQUIPA 12,Carlota O’Neill,Calle Carlota O'Neill nº 32
Instalación Deportiva Municipal Básica Arganda,CALLE ARGANDA 10,Madrid Río-Yeserías,Paseo de Yeserías nº 45
Instalación Deportiva Municipal Básica Arjona,CALLE CONCEJAL FRANCISCO JOSE JIMENEZ MARTIN 11,Caramuel,Calle Caramuel nº 51
Instalación Deportiva Municipal Básica Arriaga,AVENIDA DAROCA 95,Gutierre de Cetina,Calle Gutierre de Cetina nº 77
Instalación Deportiva Municipal Básica Arroyo Belincoso,AVENIDA DOCTOR GARCIA TAPIA 76,Plaza del Encuentro,Calle Arroyo de las Pilillas nº 6
Instalación Deportiva Municipal Básica Arroyo Fontarrón,CALLE ARROYO FONTARRON 381,Pavones,Calle Hacienda de Pavones nº 342
Instalación Deportiva Municipal Básica Arroyo Media Legua,INST. DEPORTIVA BASICA ARROYO DE LA MEDIA LEGUA s/n,,
Instalación Deportiva Municipal Básica Arroyo de Opañel,CALLE ARROYO OPAÑEL 12,Marqués de Vadillo,Glorieta Marqués de Vadillo nº 9
Instalación Deportiva Municipal Básica Aster,AVENIDA ASTER 54,Colombia,Calle Colombia nº 7
Instalación Deportiva Municipal Básica Auditorio de Chamartín,PLAZA JOAQUIN RODRIGO 1,María Francisca 1,Calle María Francisca nº 1
Instalación Deportiva Municipal Básica Auditorio de Moratalaz,CALLE HACIENDA DE PAVONES 209,Pavones,Calle Hacienda de Pavones nº 342
Instalación Deportiva Municipal Básica Avenida Moratalaz M-30,CALLE RAMON ARECES 1,Camino Vinateros,Calle Camino de los Vinateros nº 28
Instalación Deportiva Municipal Básica Avenida San Luis I,AVENIDA SAN LUIS (frente al nº 86),Pío XII,Avenida Pío XII nº 3
Instalación Deportiva Municipal Básica Avenida de Burgos,AVENIDA BURGOS 18,Chamartín,Calle Rodríguez Jaén nº 40
Instalación Deportiva Municipal Básica Ayacucho,CALLE NEVADO DEL RUIZ 2,Carlota O’Neill,Calle Carlota O'Neill nº 32
Instalación Deportiva Municipal Básica Bacares,CALLE BACARES 9,Pío XII,Avenida Pío XII nº 3
Instalación Deportiva Municipal Básica Bacares (fútbol),CALLE BACARES 27,Chamartín,Calle Rodríguez Jaén nº 40
Instalación Deportiva Municipal Básica Bahía de Santander II,CALLE BAHIA DE SANTANDER 64,Gutierre de Cetina,Calle Gutierre de Cetina nº 77
Instalación Deportiva Municipal Básica Barceló,PLAZA BARCELO S/N,Barceló,Calle Barceló nº 7
Instalación Deportiva Municipal Básica Barrio El Querol - Spartak de Manoteras,CALLE TIJOLA 1,Manuel Caldeiro,Paseo de la Castellana nº 298
Instalación Deportiva Municipal Básica Barrio Goya,CALLE SEPULVEDA 9,Caramuel,Calle Caramuel nº 51
Instalación Deportiva Municipal Básica Barrio IV,CALLE LUIS DE HOYOS SAINZ 150,Pavones,Calle Hacienda de Pavones nº 342
Instalación Deportiva Municipal Básica Barrio de Las Cárcavas,CAMINO MONTORO 4,Carlota O’Neill,Calle Carlota O'Neill nº 32
Instalación Deportiva Municipal Básica Barrio de Santa Ana - Andrés Navarrete,CALLE HOSPITALET DE LLOBREGAT 11,Pedro Rico,Calle Pedro Rico nº 4
Instalación Deportiva Municipal Básica Barrio del Aeropuerto,CALLE MEDINA DE POMAR 14,Gutierre de Cetina,Calle Gutierre de Cetina nº 77
Instalación Deportiva Municipal Básica Baterías - Barrio Alegría,CALLE JUAN PÉREZ ZÚÑIGA s/n,Carlota O’Neill,Calle Carlota O'Neill nº 32
Instalación Deportiva Municipal Básica Belzunegui,CALLE BELZUNEGUI s/n,Marqués de Vadillo,Glorieta Marqués de Vadillo nº 9
Instalación Deportiva Municipal Básica Bolera de la Mancha,CALLE TOMELLOSO 21,Glorieta de Cádiz,Calle Antonio López nº 129
Instalación Deportiva Municipal Básica Boston,CALLE BOSTON 1,Camilo José Cela,Avenida de Camilo José Cela nº 23
Instalación Deportiva Municipal Básica Brasil - General Yagüe,AVENIDA BRASIL 19,,
Instalación Deportiva Municipal Básica Briviesca,CALLE BRIVIESCA 4,Manuel Caldeiro,Paseo de la Castellana nº 298
Instalación Deportiva Municipal Básica Brujas,CALLE BRUJAS 32,Pavones,Calle Hacienda de Pavones nº 342
Instalación Deportiva Municipal Básica Brunete,CALLE BRUNETE 1,Facultad Derecho,Avenida Complutense nº 23
Instalación Deportiva Municipal Básica Bucaramanga,AVENIDA BUCARAMANGA s/n,Carlota O’Neill,Calle Carlota O'Neill nº 32
Instalación Deportiva Municipal Básica Burgo de Osma,CALLE BURGO DE OSMA 5,Pío XII,Avenida Pío XII nº 3
Instalación Deportiva Municipal Básica C. F. Nuestra Señora del Buen Camino,GLORIETA RIO ZANCARA 1,Facultad Derecho,Avenida Complutense nº 23
Instalación Deportiva Municipal Básica Calanda,CALLE CALANDA 30,Carlota O’Neill,Calle Carlota O'Neill nº 32
Instalación Deportiva Municipal Básica Caleruega,CALLE CALERUEGA 52,Manuel Caldeiro,Paseo de la Castellana nº 298
Instalación Deportiva Municipal Básica Camino Viejo de Leganés,CALLE CAMINO VIEJO DE LEGANES S/N,Marqués de Vadillo,Glorieta Marqués de Vadillo nº 9
Instalación Deportiva Municipal Básica Campo Aragón,AVENIDA RAFAEL ALBERTI 2,Pavones,Calle Hacienda de Pavones nº 342
Instalación Deportiva Municipal Básica Campo Fútbol Puerta Bonita,CALLE GENERAL RICARDOS 166,Marqués de Vadillo,Glorieta Marqués de Vadillo nº 9
Instalación Deportiva Municipal Básica Campo de Fútbol Rodríguez Sahagún,CALLE CAPITAN BLANCO ARGIBAY S/N,Francos Rodríguez,Calle Francos Rodríguez nº 62
Instalación Deportiva Municipal Básica Campo de Fútbol San Martín de Porres,PASEO ERMITA DEL SANTO S/N,Caramuel,Calle Caramuel nº 51
Instalación Deportiva Municipal Básica Campo de Fútbol Tierra,AVENIDA DOCTOR GARCIA TAPIA 113,Marroquina,Calle Camino de los Vinateros nº 108
Instalación Deportiva Municipal Básica Campo de fútbol Orcasitas,AVENIDA RAFAELA YBARRA 119,Glorieta de Cádiz,Calle Antonio López nº 129
Instalación Deportiva Municipal Básica Canal de Panamá,CALLE CANAL DE PANAMA S/N,Derechos Humanos,Calle Derechos Humanos nº 12
Instalación Deportiva Municipal Básica Canillas - Club Deportivo Canillas,CALLE AGUSTIN DE ITURBIDE 1,Carlota O’Neill,Calle Carlota O'Neill nº 32
Instalación Deportiva Municipal Básica Carlos II,CALLE CARLOS II 4,Gutierre de Cetina,Calle Gutierre de Cetina nº 77
Instalación Deportiva Municipal Básica Carlos Solé,CALLE CARLOS SOLE 19,Sierra Toledana,Camino de Valderribas nº 94
Instalación Deportiva Municipal Básica Carmen Amaya,AVENIDA DOCTOR GARCIA TAPIA 28-30,Plaza del Encuentro,Calle Arroyo de las Pilillas nº 6
Instalación Deportiva Municipal Básica Caronte,CALLE CARONTE 4,Marqués de Vadillo,Glorieta Marqués de Vadillo nº 9
Instalación Deportiva Municipal Básica Carril del Conde,CALLE CARRIL DEL CONDE frente nº 57,Condesa de Venadito,Calle Condesa de Venadito nº 2
Instalación Deportiva Municipal Básica Carrión de los Condes,PLAZA TEMPLARIOS 4,Pío XII,Avenida Pío XII nº 3
Instalación Deportiva Municipal Básica Casa Campo,PARQUE CASA DE CAMPO s/n,Puerta del Ángel,Plaza Puerta del Ángel nº 4
Instalación Deportiva Municipal Básica Casa Campo I Lago,PARQUE CASA DE CAMPO s/n,Puerta del Ángel,Plaza Puerta del Ángel nº 4
Instalación Deportiva Municipal Básica Casa Campo II Teleférico,PARQUE CASA DE CAMPO s/n,Puerta del Ángel,Plaza Puerta del Ángel nº 4
Instalación Deportiva Municipal Básica Casa Campo III,PARQUE CASA CAMPO S/N,Paseo de Moret,Paseo de Moret nº 11
Instalación Deportiva Municipal Básica Casa Campo IV,PARQUE CASA CAMPO S/N,INEF,Avenida Juan de Herrera frente a la calle Paul Guinard
Instalación Deportiva Municipal Básica Casalarreina,CALLE CASALARREINA 28,Pavones,Calle Hacienda de Pavones nº 342
Instalación Deportiva Municipal Básica Casino de la Reina,CALLE CASINO 3,Embajadores 2,Glorieta de Embajadores nº 2
Instalación Deportiva Municipal Básica Castroserna,CALLE CASTROSERNA 2,Caramuel,Calle Caramuel nº 51
Instalación Deportiva Municipal Básica Cazorla,CALLE CAMPILLO DE ARENAS 3,,
Instalación Deportiva Municipal Básica Cementerio Civil,AVENIDA DAROCA 101,Gutierre de Cetina,Calle Gutierre de Cetina nº 77
Instalación Deportiva Municipal Básica Cerro Blanco,CALLE ALBARDIN 7,,
Instalación Deportiva Municipal Básica Cerro Cabezuelos,CALLE VILLALOBOS 46,,
Instalación Deportiva Municipal Básica Cerro Negro,CALLE CERRO NEGRO 5,Puente de Vallecas,Avenida de la Albufera nº 6
Instalación Deportiva Municipal Básica Circuito Natural Footing Retiro,PARQUE EL RETIRO s/n,Antonio Maura,Calle Antonio Maura nº 15
Instalación Deportiva Municipal Básica Circuito de Footing Casa de Campo,PARQUE CASA DE CAMPO s/n,Puerta del Ángel,Plaza Puerta del Ángel nº 4
Instalación Deportiva Municipal Básica Ciudad Pegaso I,CALLE UNO S/N,Gutierre de Cetina,Calle Gutierre de Cetina nº 77
Instalación Deportiva Municipal Básica Ciudad Pegaso II,CALLE SEIS S/N,Gutierre de Cetina,Calle Gutierre de Cetina nº 77
Instalación Deportiva Municipal Básica Ciudad Pegaso III,CALLE ONCE S/N,Gutierre de Cetina,Calle Gutierre de Cetina nº 77
Instalación Deportiva Municipal Básica Ciudad de Los Ángeles,CALLE ANOETA S/N,Glorieta de Cádiz,Calle Antonio López nº 129
Instalación Deportiva Municipal Básica Clara del Rey,CALLE CLARA DEL REY 61,Corazón de María,Calle Santa Hortensia nº 31
Instalación Deportiva Municipal Básica Club Deportivo Alzola,CALLE SEGURA 74,Glorieta de Cádiz,Calle Antonio López nº 129
Instalación Deportiva Municipal Básica Club de Petanca Esperanza de Canilllas,CALLE SILVANO 63,Carlota O’Neill,Calle Carlota O'Neill nº 32
Instalación Deportiva Municipal Básica Club de Petanca Peonias,CALLE PEONIAS 2,Gutierre de Cetina,Calle Gutierre de Cetina nº 77
Instalación Deportiva Municipal Básica Cocheras (Ciudad Lineal),CALLE SAN LAMBERTO s/n,,
Instalación Deportiva Municipal Básica Cocheras (Retiro),CALLE COCHERAS 1,Pedro Bosch,Calle Cerro de la Plata nº 2
Instalación Deportiva Municipal Básica Colombia,CALLE COLOMBIA 59,Colombia,Calle Colombia nº 7
Instalación Deportiva Municipal Básica Colonia Euskalduna,CALLE HERMANDAD DE DONANTES DE SANGRE 7,Glorieta de Cádiz,Calle Antonio López nº 129
Instalación Deportiva Municipal Básica Colonia Marconi,AVENIDA MARCONI s/n,,
Instalación Deportiva Municipal Básica Colonia San Cristóbal de Los Ángeles,CALLE ROCAFORT s/n,,
Instalación Deportiva Municipal Básica Colonia Sierra del Valle,CALLE PAYASO FOFO 7,,
Instalación Deportiva Municipal Básica Colonia los Taxistas,"CALLE SIERRA DE CUERDA LARGA 41, 43, 45 y 47",Sierra Toledana,Camino de Valderribas nº 94
Instalación Deportiva Municipal Básica Concejal Gabriel Fernández (Parque Cuña Verde),CALLE CUART DE POBLET 6,Caramuel,Calle Caramuel nº 51
Instalación Deportiva Municipal Básica Conde Duque,CALLE SANTA CRUZ DE MARCENADO 21,Conde Duque,Calle Conde Duque nº 22
Instalación Deportiva Municipal Básica Condesa de Venadito,CALLE CONDESA DE VENADITO 7,Carlota O’Neill,Calle Carlota O'Neill nº 32
Instalación Deportiva Municipal Básica Cordel de Pavones,CALLE CORDEL DE PAVONES 11,Pavones,Calle Hacienda de Pavones nº 342
Instalación Deportiva Municipal Básica Cordel de Pavones I,CALLE CORDEL DE PAVONES 9,Pavones,Calle Hacienda de Pavones nº 342
Instalación Deportiva Municipal Básica Corregidor Diego de Valderrábano,CALLE CORREGIDOR DIEGO DE VALDERRABANO 24,Camino Vinateros,Calle Camino de los Vinateros nº 28
Instalación Deportiva Municipal Básica Cuevas de Almanzora,CALLE MOJACAR 2,Pío XII,Avenida Pío XII nº 3
Instalación Deportiva Municipal Básica Cuña Verde,INST. DEPORTIVA BASICA CUÑA VERDE VILLAAMIL 126,Francos Rodríguez,Calle Francos Rodríguez nº 62
Instalación Deportiva Municipal Básica Cárcavas Oeste I,CALLE CARMEN RICO GODOY 40,Carlota O’Neill,Calle Carlota O'Neill nº 32
Instalación Deportiva Municipal Básica Cárcavas Oeste II,CALLE SAN ANDRES DE RABANEDO 1,Carlota O’Neill,Calle Carlota O'Neill nº 32
Instalación Deportiva Municipal Básica David González Rubio,CALLE DOCTOR TOLOSA LATOUR 6-10,Glorieta de Cádiz,Calle Antonio López nº 129
Instalación Deportiva Municipal Básica Dehesa del Príncipe,AVENIDA ARQUEROS 29,Caramuel,Calle Caramuel nº 51
Instalación Deportiva Municipal Básica Diana,CALLE GALEON 25,Gutierre de Cetina,Calle Gutierre de Cetina nº 77
Instalación Deportiva Municipal Básica Doctor Cirajas,CALLE DOCTOR CIRAJAS 3,Gutierre de Cetina,Calle Gutierre de Cetina nº 77
Instalación Deportiva Municipal Básica Doctor Vallejo-Nájera,CALLE GASOMETRO 32,Paseo de la Esperanza,Paseo de la Esperanza nº 2
Instalación Deportiva Municipal Básica Drácena,CALLE DRACENA 42,Pío XII,Avenida Pío XII nº 3
Instalación Deportiva Municipal Básica Duque de Sevilla,CALLE DUQUE DE SEVILLA 1,María Francisca 1,Calle María Francisca nº 1
Instalación Deportiva Municipal Básica Echegaray,CALLE ENCOMIENDA DE PALACIOS 324,Pavones,Calle Hacienda de Pavones nº 342
Instalación Deportiva Municipal Básica El Bosco,CALLE EL BOSCO 14,Plaza del Encuentro,Calle Arroyo de las Pilillas nº 6
Instalación Deportiva Municipal Básica El Bosque,PLAZA GOLMAYO 17,Pío XII,Avenida Pío XII nº 3
Instalación Deportiva Municipal Básica El Capricho I,PASEO ALAMEDA DE OSUNA 48,Gutierre de Cetina,Calle Gutierre de Cetina nº 77
Instalación Deportiva Municipal Básica El Capricho II,PASEO ALAMEDA DE OSUNA 46,Gutierre de Cetina,Calle Gutierre de Cetina nº 77
Instalación Deportiva Municipal Básica El Cruce,CALLE SANTIAGO AMON 6y8,,
Instalación Deportiva Municipal Básica El Espinillo I,CALLE TERTULIA 7,,
Instalación Deportiva Municipal Básica El Espinillo II,CALLE CONSENSO 5,,
Instalación Deportiva Municipal Básica El Espinillo III,CALLE UNANIMIDAD s/n,,
Instalación Deportiva Municipal Básica El Parque,PASEO COMANDANTE FORTEA 25,Paseo de Moret,Paseo de Moret nº 11
Instalación Deportiva Municipal Básica El Pedernoso - Parque de Villa Rosa - Paco Caño,CALLE PEDROÑERAS 42,Carlota O’Neill,Calle Carlota O'Neill nº 32
Instalación Deportiva Municipal Básica El Plantío,CALLE RAFAEL VILLA S/N,Facultad Derecho,Avenida Complutense nº 23
Instalación Deportiva Municipal Básica El Torero,CALLE TORERO 10,,
Instalación Deportiva Municipal Básica El Vandel,CALLE FLORENCIO CANO CRISTOBAL 9,Pavones,Calle Hacienda de Pavones nº 342
Instalación Deportiva Municipal Básica Electra,CALLE CRONOS 65,Gutierre de Cetina,Calle Gutierre de Cetina nº 77
Instalación Deportiva Municipal Básica Enrique Tierno Galván,PARQUE ENRIQUE TIERNO GALVAN s/n,Juan Martín,Calle Juan Martín el Empecinado nº 16
Instalación Deportiva Municipal Básica Eros,CALLE EROS 6,Méndez Álvaro,Calle Retama nº 5
Instalación Deportiva Municipal Básica Esfinge,CALLE ESFINGE 60,Gutierre de Cetina,Calle Gutierre de Cetina nº 77
Instalación Deportiva Municipal Básica Esperanza I - Club Virgen de la Esperanza,CALLE SILVANO 65,Carlota O’Neill,Calle Carlota O'Neill nº 32
Instalación Deportiva Municipal Básica Esperanza II,CALLE SILVANO 61,Carlota O’Neill,Calle Carlota O'Neill nº 32
Instalación Deportiva Municipal Básica Estanque de las Tormentas,CALLE ARROYO DE POZUELO S/N,Facultad Derecho,Avenida Complutense nº 23
Instalación Deportiva Municipal Básica Estefanita,CALLE ESTEFANITA 7,,
Instalación Deportiva Municipal Básica Estíbaliz,CALLE ESTIBALIZ 30,Carlota O’Neill,Calle Carlota O'Neill nº 32
Instalación Deportiva Municipal Básica Euterpe,CALLE EUTERPE 1,Gutierre de Cetina,Calle Gutierre de Cetina nº 77
Instalación Deportiva Municipal Básica Eva Duarte,CALLE DOCTOR GOMEZ ULLA 9,Ortega y Gasset 87,Calle Ortega y Gasset nº 87
Instalación Deportiva Municipal Básica Evangelios-Almendrales,CALLE EVANGELIOS 4,Glorieta de Cádiz,Calle Antonio López nº 129
Instalación Deportiva Municipal Básica Fermín Caballero,CALLE FERMIN CABALLERO 88,Francos Rodríguez,Calle Francos Rodríguez nº 62
Instalación Deportiva Municipal Básica Francisco Laguna,CALLE FRANCISCO LAGUNA 26,,
Instalación Deportiva Municipal Básica Frontón Orcasitas,AVENIDA RAFAELA YBARRA 103,Glorieta de Cádiz,Calle Antonio López nº 129
Instalación Deportiva Municipal Básica Frontón Polideportivo San Fermín,CALLE ESTAFETA 2,,
Instalación Deportiva Municipal Básica Frontón San Fermín,CAMINO PERALES 136,,
Instalación Deportiva Municipal Básica Frontón Tudelillas,AVENIDA PABLO IGLESIAS 62,Pablo Iglesias,Calle Francisco Balseiro nº 1
Instalación Deportiva Municipal Básica Fuente Espina,CALLE FUENTESPINA 29,Pavones,Calle Hacienda de Pavones nº 342
Instalación Deportiva Municipal Básica Fuente de Lima,CALLE FUENTE DE LIMA 24,Caramuel,Calle Caramuel nº 51
Instalación Deportiva Municipal Básica Fuerte de Navidad,CALLE FUERTE DE NAVIDAD s/n,Caramuel,Calle Caramuel nº 51
Instalación Deportiva Municipal Básica Félix Rodríguez de la Fuente,CALLE FELIX RODRIGUEZ DE LA FUENTE 3,Camino Vinateros,Calle Camino de los Vinateros nº 28
Instalación Deportiva Municipal Básica Galeón,CALLE GALEON 3,Gutierre de Cetina,Calle Gutierre de Cetina nº 77
Instalación Deportiva Municipal Básica Garrovillas,PLAZA GARROVILLAS S/N,Caramuel,Calle Caramuel nº 51
Instalación Deportiva Municipal Básica General Millán Astray,CALLE MAESTRA JUSTA FREIRE 2,Caramuel,Calle Caramuel nº 51
Instalación Deportiva Municipal Básica Glorieta Avenida San Luis,CALLE Añastro 78,Pío XII,Avenida Pío XII nº 3
Instalación Deportiva Municipal Básica Glorieta de Segovia,PASEO Ciudad de Plasencia s/n,Segovia 26,Calle Segovia nº 26
Instalación Deportiva Municipal Básica Gran Vía de Hortaleza,AVENIDA GRAN VIA DE HORTALEZA 1,Pío XII,Avenida Pío XII nº 3
Instalación Deportiva Municipal Básica Guadalajara,AVENIDA GUADALAJARA S/N,Gutierre de Cetina,Calle Gutierre de Cetina nº 77
Instalación Deportiva Municipal Básica Hermanos Trueba,CALLE HERMANOS TRUEBA 30,,
Instalación Deportiva Municipal Básica Hogar del Ferroviario,AVENIDA MEDITERRANEO S/N,Doctor Lozano,Calle Sierra Toledana nº 33
Instalación Deportiva Municipal Básica Hornero,CALLE HORNERO 1,Marqués de Vadillo,Glorieta Marqués de Vadillo nº 9
Instalación Deportiva Municipal Básica Huerta de la Salud,CALLE ALCOBENDAS 3,Carlota O’Neill,Calle Carlota O'Neill nº 32
Instalación Deportiva Municipal Básica Illescas,CALLE ILLESCAS s/n,Caramuel,Calle Caramuel nº 51
Instalación Deportiva Municipal Básica Imagen,CALLE IMAGEN 23,,
Instalación Deportiva Municipal Básica Isabel Patacón,CALLE ISABEL PATACON S/N,Marqués de Vadillo,Glorieta Marqués de Vadillo nº 9
Instalación Deportiva Municipal Básica Isla de Tabarca,CALLE SANTIAGO DE COMPOSTELA 104,Francos Rodríguez,Calle Francos Rodríguez nº 62
Instalación Deportiva Municipal Básica Iván de Vargas,TRAVESIA IVAN DE VARGAS 4,Ermita Santo,Paseo de la Ermita del Santo nº 48
Instalación Deportiva Municipal Básica Jacinto Verdaguer,CALLE JACINTO VERDAGUER 17,Marqués de Vadillo,Glorieta Marqués de Vadillo nº 9
Instalación Deportiva Municipal Básica Jardines Alhambra,CALLE ALHAMBRA s/n,Caramuel,Calle Caramuel nº 51
Instalación Deportiva Municipal Básica Jardines General Fanjul,AVENIDA LAS AGUILAS s/n,Caramuel,Calle Caramuel nº 51
Instalación Deportiva Municipal Básica Jardines Vía Carpetana,CALLE VIA CARPETANA S/N,Caramuel,Calle Caramuel nº 51
Instalación Deportiva Municipal Básica Jardines de Bucaramanga,AVENIDA BUCARAMANGA 2,Carlota O’Neill,Calle Carlota O'Neill nº 32
Instalación Deportiva Municipal Básica Jardín Canarias,CALLE CANARIAS 19,Palos de la Frontera,Calle Palos de la Frontera nº 27
Instalación Deportiva Municipal Básica Jardín Papelera Peninsular,CALLE ARGANDA 3,Madrid Río-Yeserías,Paseo de Yeserías nº 45
Instalación Deportiva Municipal Básica Jardín de Portugalete,CALLE ULISES 23,Carlota O’Neill,Calle Carlota O'Neill nº 32
Instalación Deportiva Municipal Básica Jazmin,CALLE JAZMIN 36,Chamartín,Calle Rodríguez Jaén nº 40
Instalación Deportiva Municipal Básica Jesús Aprendiz,CALLE ANTONIO DIAZ-CAÑABATE 9,Niño Jesús,Calle Doctor Esquerdo nº 161
Instalación Deportiva Municipal Básica Jesús Divino Obrero,CALLE HUMANES S/N,Plaza del Encuentro,Calle Arroyo de las Pilillas nº 6
Instalación Deportiva Municipal Básica Joaquín Ibarra,CALLE JOAQUIN IBARRA S/N,Gutierre de Cetina,Calle Gutierre de Cetina nº 77
Instalación Deportiva Municipal Básica José Durán,AVENIDA PARQUE DE PALOMERAS BAJAS 10,,
Instalación Deportiva Municipal Básica José de Cadalso,CALLE JOSE DE CADALSO s/n,Caramuel,Calle Caramuel nº 51
Instalación Deportiva Municipal Básica José de Pasamonte,AVENIDA DOCTOR GARCIA TAPIA 51,Marroquina,Calle Camino de los Vinateros nº 108
Instalación Deportiva Municipal Básica Juan Clemente Núñez,CALLE JUAN CLEMENTE NU&amp;Ntilde;EZ 1,Carlota O’Neill,Calle Carlota O'Neill nº 32
Instalación Deportiva Municipal Básica Juan de Mariana,CALLE JUAN DE MARIANA 8,Juan Martín,Calle Juan Martín el Empecinado nº 16
Instalación Deportiva Municipal Básica Juan de Vera,PLAZA CASAR DE CACERES s/n,Paseo de las Delicias,Paseo de las Delicias nº 92
Instalación Deportiva Municipal Básica Julián González,CALLE JULIAN GONZALEZ 4,Marqués de Vadillo,Glorieta Marqués de Vadillo nº 9
Instalación Deportiva Municipal Básica La Cabrera,CALLE LA CABRERA 33,Francos Rodríguez,Calle Francos Rodríguez nº 62
Instalación Deportiva Municipal Básica La Chimenea,CALLE VALLANDES 5,Antonio López,Calle Eugenio Caxes frente al nº 12
Instalación Deportiva Municipal Básica La Chopera,CALLE ESCULTOR PERESEJO 86,Facultad Derecho,Avenida Complutense nº 23
Instalación Deportiva Municipal Básica La Diligencia,CALLE DILGENCIA 7,,
Instalación Deportiva Municipal Básica La Masó,CALLE LA MASO 34,Pedro Rico,Calle Pedro Rico nº 4
Instalación Deportiva Municipal Básica La Perla,CALLE CORINDON 3,,
Instalación Deportiva Municipal Básica Las Rosas,AVENIDA NIZA s/n,Gutierre de Cetina,Calle Gutierre de Cetina nº 77
Instalación Deportiva Municipal Básica Las Vistillas,PLAZA GABRIEL MIRO s/n,Segovia 26,Calle Segovia nº 26
Instalación Deportiva Municipal Básica Lili Alvarez,CALLE LA RIVIERA 4,Pavones,Calle Hacienda de Pavones nº 342
Instalación Deportiva Municipal Básica Lonja de la Seda,CALLE LONJA DE LA SEDA 32,Caramuel,Calle Caramuel nº 51
Instalación Deportiva Municipal Básica Los Arbolitos,RONDA SUR S/N,,
Instalación Deportiva Municipal Básica Los Caprichos,AVENIDA CAPRICHOS 1,Caramuel,Calle Caramuel nº 51
Instalación Deportiva Municipal Básica Los Coronales,CALLE BAHIA DE MALAGA 5,Carlota O’Neill,Calle Carlota O'Neill nº 32
Instalación Deportiva Municipal Básica Los Cármenes,CALLE ALHAMBRA 35,Caramuel,Calle Caramuel nº 51
Instalación Deportiva Municipal Básica Los Llanos,CALLE FLORENCIO CASTILLO 3,Carlota O’Neill,Calle Carlota O'Neill nº 32
Instalación Deportiva Municipal Básica Los Morales,CALLE MORALES 31,Caramuel,Calle Caramuel nº 51
Instalación Deportiva Municipal Básica Los Morales - Patrimonio Humanidad I,CALLE PATRIMONIO DE LA HUMANIDAD 37,Caramuel,Calle Caramuel nº 51
Instalación Deportiva Municipal Básica Los Morales - Patrimonio Humanidad II,CALLE MORALES s/n,Caramuel,Calle Caramuel nº 51
Instalación Deportiva Municipal Básica Los Poblados,AVENIDA POBLADOS s/n,Marqués de Vadillo,Glorieta Marqués de Vadillo nº 9
Instalación Deportiva Municipal Básica Los Rosales I,AVENIDA LOS ROSALES 131,,
Instalación Deportiva Municipal Básica Lucano,CALLE LUCANO s/n,Gutierre de Cetina,Calle Gutierre de Cetina nº 77
Instalación Deportiva Municipal Básica Luis Buitrago,CALLE LUIS BUITRAGO 7y11,Pío XII,Avenida Pío XII nº 3
Instalación Deportiva Municipal Básica Luis Mitjans,CALLE LUIS MITJANS 15,Valderribas,Calle Doctor Esquerdo nº 191
Instalación Deportiva Municipal Básica Lyon - Flandes,"CALLE LYON 136 (c/v Calle Flandes, 4 posterior)",Pavones,Calle Hacienda de Pavones nº 342
Instalación Deportiva Municipal Básica Machupichu,AVENIDA MACHUPICHU 50,Carlota O’Neill,Calle Carlota O'Neill nº 32
Instalación Deportiva Municipal Básica Madrid - Las Tablas,CALLE FROMISTA 5,Pedro Rico,Calle Pedro Rico nº 4
Instalación Deportiva Municipal Básica Madrid Sur,CALLE PUERTO DE VELATE 18,,
Instalación Deportiva Municipal Básica Mallorca,CALLE AGASTIA s/n,Carlota O’Neill,Calle Carlota O'Neill nº 32
Instalación Deportiva Municipal Básica Manizales,CALLE GALAPA 10,Carlota O’Neill,Calle Carlota O'Neill nº 32
Instalación Deportiva Municipal Básica Mar de Japón,CALLE MAR DEL JAPON 7,Carlota O’Neill,Calle Carlota O'Neill nº 32
Instalación Deportiva Municipal Básica Maracena,CALLE MARACENA 1,Glorieta de Cádiz,Calle Antonio López nº 129
Instalación Deportiva Municipal Básica Maris Stella,CALLE DOCTOR TOLOSA LATOUR 18,Glorieta de Cádiz,Calle Antonio López nº 129
Instalación Deportiva Municipal Básica Martala I,CALLE PICO DE LOS ARTILLEROS 5,Marroquina,Calle Camino de los Vinateros nº 108
Instalación Deportiva Municipal Básica Maruja Mallo,AVENIDA MARUJA MALLO 7,Carlota O’Neill,Calle Carlota O'Neill nº 32
Instalación Deportiva Municipal Básica María Inmaculada,CAMINO CRUCES s/n,Caramuel,Calle Caramuel nº 51
Instalación Deportiva Municipal Básica María de Austria,PARQUE EMPERATRIZ MARÍA DE AUSTRIA s/n,Marqués de Vadillo,Glorieta Marqués de Vadillo nº 9
Instalación Deportiva Municipal Básica María de Villota,CALLE ESTEFANITA 3,,
Instalación Deportiva Municipal Básica Matilde Gayo,CALLE MATILDE GAYO 4,Antonio López,Calle Eugenio Caxes frente al nº 12
Instalación Deportiva Municipal Básica Maíz,CALLE RICARDO BELTRAN Y ROZPIDE 28,Glorieta de Cádiz,Calle Antonio López nº 129
Instalación Deportiva Municipal Básica Medio Amposta,CALLE ALBERIQUE s/n,Gutierre de Cetina,Calle Gutierre de Cetina nº 77
Instalación Deportiva Municipal Básica Mercedes Arteaga,CALLE MERCEDES ARTEAGA S/N,Marqués de Vadillo,Glorieta Marqués de Vadillo nº 9
Instalación Deportiva Municipal Básica Miguel Aracil,CALLE JOAQUIN LORENZO 39,Facultad Derecho,Avenida Complutense nº 23
Instalación Deportiva Municipal Básica Miguel Hernández,AVENIDA MIGUEL HERNANDEZ S/N,Pavones,Calle Hacienda de Pavones nº 342
Instalación Deportiva Municipal Básica Miguel Riesco,CALLE MIGUEL RIESCO 7,Carlota O’Neill,Calle Carlota O'Neill nº 32
Instalación Deportiva Municipal Básica Miguel Riesco - Ramón Power,CALLE MIGUEL RIESCO 1,Carlota O’Neill,Calle Carlota O'Neill nº 32
Instalación Deportiva Municipal Básica Miguel Yuste,CALLE MIGUEL YUSTE s/n,Gutierre de Cetina,Calle Gutierre de Cetina nº 77
Instalación Deportiva Municipal Básica Minaya,CALLE MINAYA 5,Carlota O’Neill,Calle Carlota O'Neill nº 32
Instalación Deportiva Municipal Básica Mirador de la Reina (Cerro Minguete),CALLE MIRADOR DE LA REINA 2,Francos Rodríguez,Calle Francos Rodríguez nº 62
Instalación Deportiva Municipal Básica Mirasierra,CALLE NURIA 83,Pedro Rico,Calle Pedro Rico nº 4
Instalación Deportiva Municipal Básica Molino,PASEO MOLINO 2,Legazpi,Calle Bolívar nº 3
Instalación Deportiva Municipal Básica Mondariz,PLAZA MONDARIZ 1,Pedro Rico,Calle Pedro Rico nº 4
Instalación Deportiva Municipal Básica Monovar,CALLE MONOVAR 3,Pío XII,Avenida Pío XII nº 3
Instalación Deportiva Municipal Básica Montalbos,CALLE MONTALBOS 14,Carlota O’Neill,Calle Carlota O'Neill nº 32
Instalación Deportiva Municipal Básica Montecarmelo,CALLE MONASTERIO DE EL PAULAR 138,Pedro Rico,Calle Pedro Rico nº 4
Instalación Deportiva Municipal Básica Montecarmelo McDonald´s,AVENIDA MONTECARMELO 1,Pedro Rico,Calle Pedro Rico nº 4
Instalación Deportiva Municipal Básica Mozart,CALLE MOZART s/n,Paseo de la Florida,Paseo de la Florida nº 8
Instalación Deportiva Municipal Básica Mártires Maristas,AVENIDA MARTIRES MARISTAS 2,Francos Rodríguez,Calle Francos Rodríguez nº 62
Instalación Deportiva Municipal Básica Nevado de Cumbal,CALLE NEVADO DEL CUMBAL 4,Carlota O’Neill,Calle Carlota O'Neill nº 32
Instalación Deportiva Municipal Básica Nicolasa Gómez,CALLE NICOLASA GOMEZ 1,Gutierre de Cetina,Calle Gutierre de Cetina nº 77
Instalación Deportiva Municipal Básica Novecento,CALLE NOVECENTO 6,,
Instalación Deportiva Municipal Básica Nuestra Señora de Loreto,CALLE TIMON 16,Carlota O’Neill,Calle Carlota O'Neill nº 32
Instalación Deportiva Municipal Básica Nuestra Señora de la Paloma,CARRERA SAN FRANCISCO 4,Plaza de los Carros,Carrera de San Francisco nº 1
Instalación Deportiva Municipal Básica Nueva Esperanza,CALLE ANOETA 1,,
Instalación Deportiva Municipal Básica Ontanilla,AVENIDA LOS POBLADOS s/n,Marqués de Vadillo,Glorieta Marqués de Vadillo nº 9
Instalación Deportiva Municipal Básica Orcasur,AVENIDA ORCASUR 53,Glorieta de Cádiz,Calle Antonio López nº 129
Instalación Deportiva Municipal Básica Orión-Jupiter,CALLE ORION 52,Carlota O’Neill,Calle Carlota O'Neill nº 32
Instalación Deportiva Municipal Básica Oscar y Jesús,CALLE SOLEDAD CAZORLA 22,Caramuel,Calle Caramuel nº 51
Instalación Deportiva Municipal Básica Oyarzun,PLAZA OYARZUN 1,Glorieta de Cádiz,Calle Antonio López nº 129
Instalación Deportiva Municipal Básica P.A.R. Antonio López,CALLE ANTONIO LOPEZ 27,Marqués de Vadillo,Glorieta Marqués de Vadillo nº 9
Instalación Deportiva Municipal Básica P.A.R. Avda. Marqués de Corbera,AVENIDA MARQUES DE CORBERA 62,,
Instalación Deportiva Municipal Básica P.A.R. Ramón Gómez de la Serna,CALLE RAMON GOMEZ DE LA SERNA 49,Francos Rodríguez,Calle Francos Rodríguez nº 62
Instalación Deportiva Municipal Básica PAR Manuel Noya,CALLE MANUEL NOYA 2,,
Instalación Deportiva Municipal Básica PAR Rafaela Ybarra,AVENIDA RAFAELA YBARRA 51,Glorieta de Cádiz,Calle Antonio López nº 129
Instalación Deportiva Municipal Básica Pablo Casals,PASEO ERMITA DEL SANTO 10,Puerta del Ángel,Plaza Puerta del Ángel nº 4
Instalación Deportiva Municipal Básica Padre Claret,CALLE PADRE CLARET 18,Corazón de María,Calle Santa Hortensia nº 31
Instalación Deportiva Municipal Básica Padre Damián,CALLE PADRE DAMIAN 26,Alberto Alcocer,Avenida de Alberto Alcocer nº 22
Instalación Deportiva Municipal Básica Palomeras Bajas,CALLE PUERTO DE BALBARAN s/n,,
Instalación Deportiva Municipal Básica Parque Adelfas,CALLE MARTINEZ CORROCHANO esquina  con calle Luis Mitjans 26,Conde de Casal,Plaza del Conde de Casal nº 8
Instalación Deportiva Municipal Básica Parque Agustín Rodríguez Sahagún I,PASEO CAPITAN BLANCO ARGIBAY S/N,Francos Rodríguez,Calle Francos Rodríguez nº 62
Instalación Deportiva Municipal Básica Parque Agustín Rodríguez Sahagún II,CALLE SINESIO DELGADO 30,Torre Cepsa,Calle Sinesio Delgado nº 2
Instalación Deportiva Municipal Básica Parque Alfredo Kraus,CALLE MAR ADRIATICO 7,Carlota O’Neill,Calle Carlota O'Neill nº 32
Instalación Deportiva Municipal Básica Parque Aluche,CALLE VALMOJADO 4,Caramuel,Calle Caramuel nº 51
Instalación Deportiva Municipal Básica Parque Arroyo Fresno,AVENIDA VENTISQUERO DE LA CONDESA 43,Pedro Rico,Calle Pedro Rico nº 4
Instalación Deportiva Municipal Básica Parque Arroyo Pozuelo I,CALLE ARROYO DE POZUELO 10,Facultad Derecho,Avenida Complutense nº 23
Instalación Deportiva Municipal Básica Parque Boadilla,CARRETERA BOADILLA DEL MONTE 1,Caramuel,Calle Caramuel nº 51
Instalación Deportiva Municipal Básica Parque Breogán,AVENIDA BRASILIA 2,Avenida Brasilia,Avenida de Brasilia frente al nº 9
Instalación Deportiva Municipal Básica Parque Calle Onil,CALLE NAVIA 12,Caramuel,Calle Caramuel nº 51
Instalación Deportiva Municipal Básica Parque Caramuel,CALLE SEPULVEDA s/n,Caramuel,Calle Caramuel nº 51
Instalación Deportiva Municipal Básica Parque Cedral,CALLE RODRIGUEZ ILLANES S/N,Pío XII,Avenida Pío XII nº 3
Instalación Deportiva Municipal Básica Parque Cerro Almodovar,PARQUE CERRO ALMODOVAR s/n,Caramuel,Calle Caramuel nº 51
Instalación Deportiva Municipal Básica Parque Cerro Almodóvar,CALLE CERRO DE ALMODOVAR 9,Pavones,Calle Hacienda de Pavones nº 342
Instalación Deportiva Municipal Básica Parque Cuña Verde,AVENIDA DAROCA 300,Pavones,Calle Hacienda de Pavones nº 342
Instalación Deportiva Municipal Básica Parque Darwin,AVENIDA MORATALAZ 93,Plaza del Encuentro,Calle Arroyo de las Pilillas nº 6
Instalación Deportiva Municipal Básica Parque Deportivo Doctor García Tapia 1,CALLE CARMEN AMAYA 3,Camino Vinateros,Calle Camino de los Vinateros nº 28
Instalación Deportiva Municipal Básica Parque Deportivo Doctor García Tapia 2,CALLE CARMEN AMAYA 1,Camino Vinateros,Calle Camino de los Vinateros nº 28
Instalación Deportiva Municipal Básica Parque Doña Guiomar I - Sporting de Hortaleza,CALLE MONOVAR 8,Pío XII,Avenida Pío XII nº 3
Instalación Deportiva Municipal Básica Parque Doña Guiomar II,CARRETERA ESTACION DE HORTALEZA 7,Pío XII,Avenida Pío XII nº 3
Instalación Deportiva Municipal Básica Parque Doña Guiomar III,CALLE MONÓVAR 4,Pío XII,Avenida Pío XII nº 3
Instalación Deportiva Municipal Básica Parque El Calero,CALLE VIRGEN DE NURIA S/N,Avenida Donostiarra,Calle Virgen de la Alegría nº 18
Instalación Deportiva Municipal Básica Parque Estafeta,CALLE ESTAFETA 4,,
Instalación Deportiva Municipal Básica Parque Eugenia de Montijo,CALLE PARQUE EUGENIA DE MONTIJO S/N,Caramuel,Calle Caramuel nº 51
Instalación Deportiva Municipal Básica Parque Gabriela Mistral,CALLE ROSALIA DE CASTRO 69,Facultad Derecho,Avenida Complutense nº 23
Instalación Deportiva Municipal Básica Parque General García Escámez,CALLE ANSELMO LORENZO s/n,Caramuel,Calle Caramuel nº 51
Instalación Deportiva Municipal Básica Parque Huerta de la Salud,CALLE MAR DE LAS ANTILLAS 10,Carlota O’Neill,Calle Carlota O'Neill nº 32
Instalación Deportiva Municipal Básica Parque Huerta del Obispo,CALLE JUAN PEÑALVER 34,Glorieta de Cádiz,Calle Antonio López nº 129
Instalación Deportiva Municipal Básica Parque La Viña,CALLE CONCEJO DE TEVERGA 2,Méndez Álvaro,Calle Retama nº 5
Instalación Deportiva Municipal Básica Parque Luis Buñuel,CALLE LUIS BUÑUEL 38,Pavones,Calle Hacienda de Pavones nº 342
Instalación Deportiva Municipal Básica Parque Madrid Sur,CALLE LA DILIGENCIA 5,,
Instalación Deportiva Municipal Básica Parque Manoteras - Vélez Rubio,INST. DEPORTIVA BASICA BACARES 20,Chamartín,Calle Rodríguez Jaén nº 40
Instalación Deportiva Municipal Básica Parque Manuel Azaña,CALLE VIRGEN DE LA PAZ 7 y 9,Puente de Ventas,Avenida de Daroca nº 2
Instalación Deportiva Municipal Básica Parque Marchamalo,PARQUE MARCHAMALO s/n,Plaza del Encuentro,Calle Arroyo de las Pilillas nº 6
Instalación Deportiva Municipal Básica Parque Martala I,CALLE PICO DE LOS ARTILLEROS 5,Marroquina,Calle Camino de los Vinateros nº 108
Instalación Deportiva Municipal Básica Parque Martala II,CALLE PICO DE LOS ARTILLEROS 21,Marroquina,Calle Camino de los Vinateros nº 108
Instalación Deportiva Municipal Básica Parque Meseta,RONDA COOPERATIVAS 6,Glorieta de Cádiz,Calle Antonio López nº 129
Instalación Deportiva Municipal Básica Parque Norte,CALLE Arzobispo Morcillo 9,Manuel Caldeiro,Paseo de la Castellana nº 298
Instalación Deportiva Municipal Básica Parque Olof Palme,CALLE CERECINOS 4,,
Instalación Deportiva Municipal Básica Parque Plata y Castañar,PASEO LOS FERROVIARIOS s/n,Glorieta de Cádiz,Calle Antonio López nº 129
Instalación Deportiva Municipal Básica Parque Pradolongo,PARQUE PRADOLONGO s/n,Glorieta de Cádiz,Calle Antonio López nº 129
Instalación Deportiva Municipal Básica Parque Rafael Finat,CALLE DAMASQUILLO S/N,Caramuel,Calle Caramuel nº 51
Instalación Deportiva Municipal Básica Parque San Blas,CALLE ALBAIDA S/N,Gutierre de Cetina,Calle Gutierre de Cetina nº 77
Instalación Deportiva Municipal Básica Parque San Luciano,CALLE SAN LUCIANO 12,Glorieta de Cádiz,Calle Antonio López nº 129
Instalación Deportiva Municipal Básica Parque Santa Adela,CALLE SANTA ADELA 14,Pío XII,Avenida Pío XII nº 3
Instalación Deportiva Municipal Básica Parque Sector Surbatán,CALLE SEPULVEDA 99,Caramuel,Calle Caramuel nº 51
Instalación Deportiva Municipal Básica Parque Supermanzana 7,CALLE FERMIN CABALLERO 25,Pedro Rico,Calle Pedro Rico nº 4
Instalación Deportiva Municipal Básica Parque Tanatorio (Salvador Madariaga),CALLE SALVADOR DE MADARIAGA s/n,Derechos Humanos,Calle Derechos Humanos nº 12
Instalación Deportiva Municipal Básica Parque Z,CALLE MARROQUINA 88,Marroquina,Calle Camino de los Vinateros nº 108
Instalación Deportiva Municipal Básica Parque de Atenas,PASEO VIRGEN DEL PUERTO 3,Segovia 45,Calle Segovia nº 45
Instalación Deportiva Municipal Básica Parque de Berlín,CALLE MARCENADO 49,Parque Berlín,Avenida de Concha Espina nº 34
Instalación Deportiva Municipal Básica Parque de Comillas,CALLE ANTONIO DE LEYVA 35,Marqués de Vadillo,Glorieta Marqués de Vadillo nº 9
Instalación Deportiva Municipal Básica Parque de Roma I,CALLE JUAN ESPLANDIU 4,Parque Roma,Calle Alcalde Sáinz de Baranda frente al nº 107
Instalación Deportiva Municipal Básica Parque de Roma III,CALLE ALCALDE SAINZ DE BARANDA 90,Parque Roma,Calle Alcalde Sáinz de Baranda frente al nº 107
Instalación Deportiva Municipal Básica Parque de San Isidro - Gorrión,CALLE GORRION 36,Ermita Santo,Paseo de la Ermita del Santo nº 48
Instalación Deportiva Municipal Básica Parque de San Isidro - Vicente Quesada,CALLE VICENTE QUESADA 0,Ermita Santo,Paseo de la Ermita del Santo nº 48
Instalación Deportiva Municipal Básica Parque de Skateboard Ignacio Echeverría,PASEO CHOPERA 4,Entrada Matadero,Paseo de la Chopera nº 14
Instalación Deportiva Municipal Básica Parque de Villa Rosa,CALLE EL PEDERNOSO 19,Carlota O’Neill,Calle Carlota O'Neill nº 32
Instalación Deportiva Municipal Básica Parque de la Alcazaba,AVENIDA EL FERROL 1,Remonta,Calle Azucenas nº 1
Instalación Deportiva Municipal Básica Parque de la Cornisa,CALLE ROSARIO 5,Plaza de San Francisco,Plaza de San Francisco nº 5
Instalación Deportiva Municipal Básica Parque de la Ventilla,CALLE VIA LIMITE 101,Torre Cepsa,Calle Sinesio Delgado nº 2
Instalación Deportiva Municipal Básica Parque de la Vicalvarada,CALLE VEREDA DEL PINAR 1,Pavones,Calle Hacienda de Pavones nº 342
Instalación Deportiva Municipal Básica Parque de las Cruces,AVENIDA POBLADOS S/N,Caramuel,Calle Caramuel nº 51
Instalación Deportiva Municipal Básica Parque de las Cruces I,CALLE ROMPEDIZO 15,Caramuel,Calle Caramuel nº 51
Instalación Deportiva Municipal Básica Parque de las Cruces II,CALLE VIDAUBA 3,Caramuel,Calle Caramuel nº 51
Instalación Deportiva Municipal Básica Parque de los Carneros,CALLE BAJA DE LA IGLESIA 36,Facultad Derecho,Avenida Complutense nº 23
Instalación Deportiva Municipal Básica Parque del Cementerio,CALLE BARBARA DE BRAGANZA 15,Plaza de las Salesas,Plaza de las Salesas 7
Instalación Deportiva Municipal Básica Parque del Oeste,PASEO CAMOENS S/N,Paseo de Moret,Paseo de Moret nº 11
Instalación Deportiva Municipal Básica Parque la Milanera (La Coma),CALLE RAMON GOMEZ DE LA SERNA 22,Francos Rodríguez,Calle Francos Rodríguez nº 62
Instalación Deportiva Municipal Básica Paseo del Polideportivo,CALLE VIVERO DE LA PILARICA 3,Pavones,Calle Hacienda de Pavones nº 342
Instalación Deportiva Municipal Básica Patrimonio Humanidad,CALLE PATRIMONIO DE LA HUMANIDAD s/n,Marqués de Vadillo,Glorieta Marqués de Vadillo nº 9
Instalación Deportiva Municipal Básica Peonías - José Miguel Vicens,CALLE PEONIAS 2,Gutierre de Cetina,Calle Gutierre de Cetina nº 77
Instalación Deportiva Municipal Básica Piedrahíta,CALLE PIEDRAHITA s/n,Marqués de Vadillo,Glorieta Marqués de Vadillo nº 9
Instalación Deportiva Municipal Básica Pinar de la Elipa,CALLE JOSE LUIS DE ARRESE S/N,Marqués de Corbera 12,Avenida Marqués de Corbera nº 12
Instalación Deportiva Municipal Básica Pinos de Osuna,CALLE PINOS DE OSUNA 1,Gutierre de Cetina,Calle Gutierre de Cetina nº 77
Instalación Deportiva Municipal Básica Pirineos,CALLE PIRINEOS S/N,Francos Rodríguez,Calle Francos Rodríguez nº 62
Instalación Deportiva Municipal Básica Pista Deportiva P.A.R. La Alcazaba,INST. DEPORTIVA BASICA SINESIO DELGADO 26,Francos Rodríguez,Calle Francos Rodríguez nº 62
Instalación Deportiva Municipal Básica Pista Deportiva Palas del Rey,CALLE PALAS DE REY s/n,Manuel Caldeiro,Paseo de la Castellana nº 298
Instalación Deportiva Municipal Básica Pista Deportiva Parque Miguel Aracil,CALLE JOAQUIN LORENZO 39,Facultad Derecho,Avenida Complutense nº 23
Instalación Deportiva Municipal Básica Pista Deportiva Parque de Begoña,AVENIDA LLANO CASTELLANO 1,Manuel Caldeiro,Paseo de la Castellana nº 298
Instalación Deportiva Municipal Básica Pista P.A.R. Moralzarzal,CALLE MORALZARZAL 88,Pedro Rico,Calle Pedro Rico nº 4
Instalación Deportiva Municipal Básica Pista de Patinaje Anfevi,CALLE HACIENDA DE PAVONES 127,Pavones,Calle Hacienda de Pavones nº 342
Instalación Deportiva Municipal Básica Pista de Patinaje Avenida Niza,AVENIDA NIZA s/n,Gutierre de Cetina,Calle Gutierre de Cetina nº 77
Instalación Deportiva Municipal Básica Pista de Petanca Centro de Mayores La Vaguada,AVENIDA MONFORTE DE LEMOS 36,Remonta,Calle Azucenas nº 1
Instalación Deportiva Municipal Básica Pista de Petanca Parque Fuencarral,CALLE AFUERAS A VALVERDE 2,Pedro Rico,Calle Pedro Rico nº 4
Instalación Deportiva Municipal Básica Pista de Petanca de Islas Jarvi,CALLE CASTIELLO DE JACA 3,Manuel Caldeiro,Paseo de la Castellana nº 298
Instalación Deportiva Municipal Básica Pista de Skate,CALLE CAPITAN BLANCO ARGIBAY S/N,Francos Rodríguez,Calle Francos Rodríguez nº 62
Instalación Deportiva Municipal Básica Pistas de Petanca Dehesa de la Villa,CALLE FRANCOS RODRIGUEZ 1,Estrecho,Calle Navarra nº 1
Instalación Deportiva Municipal Básica Plan Parcial,CALLE PLAN PARCIAL 3,Glorieta de Cádiz,Calle Antonio López nº 129
Instalación Deportiva Municipal Básica Plaza Arturo Barea,PLAZA Arturo Barea s/n,Segovia 26,Calle Segovia nº 26
Instalación Deportiva Municipal Básica Plaza Colonia Oroquieta,CARRETERA ANDALUCIA S/N,,
Instalación Deportiva Municipal Básica Plaza Fonsagrada,PLAZA FONSAGRADA 6,Remonta,Calle Azucenas nº 1
Instalación Deportiva Municipal Básica Plaza Munguía,PLAZA MUNGUIA 1,Glorieta de Cádiz,Calle Antonio López nº 129
Instalación Deportiva Municipal Básica Plaza Vallandes,CALLE CALESAS 4,Antonio López,Calle Eugenio Caxes frente al nº 12
Instalación Deportiva Municipal Básica Plaza de Arteijo,PLAZA ARTEIJO 10,Remonta,Calle Azucenas nº 1
Instalación Deportiva Municipal Básica Plaza de Bami - Benidorm,CALLE JOSE VILLENA s/n,Puente de Ventas,Avenida de Daroca nº 2
Instalación Deportiva Municipal Básica Plaza de María Soledad Torres Acosta,PLAZA María Soledad Torres Acosta s/n,Segovia 26,Calle Segovia nº 26
Instalación Deportiva Municipal Básica Plaza de Sestao,PLAZA SESTAO 1,Glorieta de Cádiz,Calle Antonio López nº 129
Instalación Deportiva Municipal Básica Plaza de la Orotava,PLAZA LA OROTAVA 1,Gutierre de Cetina,Calle Gutierre de Cetina nº 77
Instalación Deportiva Municipal Básica Plaza del Campillo de Mundo Nuevo,PLAZA Campillo del Mundo Nuevo s/n,Segovia 26,Calle Segovia nº 26
Instalación Deportiva Municipal Básica Poblado Dirigido La Elipa,CALLE JOSE LUIS DE ARRESE s/n,Marqués de Corbera 12,Avenida Marqués de Corbera nº 12
Instalación Deportiva Municipal Básica Pobladura del Valle,CALLE POBLADURA DEL VALLE s/n,Gutierre de Cetina,Calle Gutierre de Cetina nº 77
Instalación Deportiva Municipal Básica Poeta Esteban Villegas,CALLE POETA ESTEBAN DE VILLEGAS 4,Puerta de Granada,Avenida de Menéndez Pelayo nº 38
Instalación Deportiva Municipal Básica Polígono 20,CALLE PADRE CLARET 18,Corazón de María,Calle Santa Hortensia nº 31
Instalación Deportiva Municipal Básica Polígono de las Rosas,CALLE HELSINKI 8,Gutierre de Cetina,Calle Gutierre de Cetina nº 77
Instalación Deportiva Municipal Básica Polígono de África,CALLE VILLAESCUSA 56,Gutierre de Cetina,Calle Gutierre de Cetina nº 77
Instalación Deportiva Municipal Básica Pradillo,CALLE PRADILLO 23,Prosperidad,Calle Suero de Quiñones nº 2
Instalación Deportiva Municipal Básica Pradillo - Santa Marca,CALLE PRADILLO 23,Prosperidad,Calle Suero de Quiñones nº 2
Instalación Deportiva Municipal Básica Prosperidad,CALLE PRADILLO 25,Prosperidad,Calle Suero de Quiñones nº 2
Instalación Deportiva Municipal Básica Pueblo Nuevo II,CALLE ASCAO s/n,Gutierre de Cetina,Calle Gutierre de Cetina nº 77
Instalación Deportiva Municipal Básica Puente Ventas,CALLE VIRGEN DE LA PAZ 7 y 9,Puente de Ventas,Avenida de Daroca nº 2
Instalación Deportiva Municipal Básica Puerto Balbarán,CALLE PUERTO DE BALBARAN 4 y 6,,
Instalación Deportiva Municipal Básica Puerto Corlite,CALLE PUERTO DE CORLITE 8,,
Instalación Deportiva Municipal Básica Puerto Costabona,CALLE PUERTO DE COSTABONA 7,,
Instalación Deportiva Municipal Básica Puerto Costabona Tenis,CALLE PUERTO DE VELATE 18,,
Instalación Deportiva Municipal Básica Puerto Lumbreras,CALLE PUERTO DE LUMBRERAS S/N,Pavones,Calle Hacienda de Pavones nº 342
Instalación Deportiva Municipal Básica Puerto Monasterio,CALLE PUERTO DEL MONASTERIO 17,,
Instalación Deportiva Municipal Básica Puerto Rico,CALLE PUERTO RICO 54,Colombia,Calle Colombia nº 7
Instalación Deportiva Municipal Básica Puerto Velate,CALLE PUERTO DE VELATE 9,,
Instalación Deportiva Municipal Básica Puerto de Béjar,CALLE PUERTO DE BEJAR 7,,
Instalación Deportiva Municipal Básica Puerto de Costabona,CALLE PUERTO DE COSTABONA 7,,
Instalación Deportiva Municipal Básica Pádel - Madrid Las Tablas,AVENIDA CAMINO DE SANTIAGO 25,Manuel Caldeiro,Paseo de la Castellana nº 298
Instalación Deportiva Municipal Básica Quinta de Los Molinos I,"CALLE ALCALA 535, c/v Avenida 25 Septiembre",Gutierre de Cetina,Calle Gutierre de Cetina nº 77
Instalación Deportiva Municipal Básica Quinta de Los Molinos II,"CALLE IQUITOS 1c/vcalleAlcalá,535",Gutierre de Cetina,Calle Gutierre de Cetina nº 77
Instalación Deportiva Municipal Básica Ramírez de Prado,CALLE RAMIREZ DE PRADO 2,Juan Martín,Calle Juan Martín el Empecinado nº 16
Instalación Deportiva Municipal Básica Ramón Gómez de la Serna,CALLE RAMON GOMEZ DE LA SERNA 22,Francos Rodríguez,Calle Francos Rodríguez nº 62
Instalación Deportiva Municipal Básica Ramón Power,CALLE MIGUEL RIESCO 7,Carlota O’Neill,Calle Carlota O'Neill nº 32
Instalación Deportiva Municipal Básica Ramón Pérez de Ayala,CALLE RAMON PEREZ DE AYALA 80,Plaza del Encuentro,Calle Arroyo de las Pilillas nº 6
Instalación Deportiva Municipal Básica Rancho del Cordobés,CALLE EDUARDO BARREIROS 19,Glorieta de Cádiz,Calle Antonio López nº 129
Instalación Deportiva Municipal Básica Recinto Ferial San Antonio de la Florida,GLORIETA SAN ANTONIO DE LA FLORIDA S/N,Paseo de la Florida,Paseo de la Florida nº 8
Instalación Deportiva Municipal Básica Ricardo Damas,CALLE RICARDO DAMAS 4,,
Instalación Deportiva Municipal Básica Ronda Sur,RONDA SUR 231,,
Instalación Deportiva Municipal Básica Rosa Jardón,CALLE ROSA JARDON 11,Pío XII,Avenida Pío XII nº 3
Instalación Deportiva Municipal Básica San Anselmo,CALLE SAN ANSELMO 22,,
Instalación Deportiva Municipal Básica San Aureliano,CALLE SAN AURELIANO s/n,Glorieta de Cádiz,Calle Antonio López nº 129
Instalación Deportiva Municipal Básica San Benigno,CALLE SAN BENIGNO 3,Caramuel,Calle Caramuel nº 51
Instalación Deportiva Municipal Básica San Cristóbal de Los Ángeles II,CALLE GODELLA 48,,
Instalación Deportiva Municipal Básica San Cristóbal de Los Ángeles III,CALLE MONCADA 123,,
Instalación Deportiva Municipal Básica San Juan Bautista - Cidamón,CALLE AGASTIA s/n,Condesa de Venadito,Calle Condesa de Venadito nº 2
Instalación Deportiva Municipal Básica San Lamberto,CALLE SAN LAMBERTO 20,,
Instalación Deportiva Municipal Básica San Pascual,CALLE ESTEBAN MORA S/N,Derechos Humanos,Calle Derechos Humanos nº 12
Instalación Deportiva Municipal Básica San Pol,CALLE SAN POL DE MAR 7,Paseo de la Florida,Paseo de la Florida nº 8
Instalación Deportiva Municipal Básica Sanchinarro I,CALLE Infanta Catalina Micaela 33,Manuel Caldeiro,Paseo de la Castellana nº 298
Instalación Deportiva Municipal Básica Sanchinarro II,CALLE Infanta Catalina Micaela 23,Manuel Caldeiro,Paseo de la Castellana nº 298
Instalación Deportiva Municipal Básica Sanchinarro III,CALLE MARIA TUDOR 10,Manuel Caldeiro,Paseo de la Castellana nº 298
Instalación Deportiva Municipal Básica Sanchinarro IV,AVENIDA NICETO ALCALA ZAMORA 12,Manuel Caldeiro,Paseo de la Castellana nº 298
Instalación Deportiva Municipal Básica Sanchorreja,CALLE SANCHORREJA 8,Caramuel,Calle Caramuel nº 51
Instalación Deportiva Municipal Básica Sangenjo,CALLE SANGENJO 42,Pedro Rico,Calle Pedro Rico nº 4
Instalación Deportiva Municipal Básica Santa Ana I,CALLE HOSPITALET DE LLOBREGAT 11,Pedro Rico,Calle Pedro Rico nº 4
Instalación Deportiva Municipal Básica Santa Ana II,PASEO ALAMEDILLAS 2,Pedro Rico,Calle Pedro Rico nº 4
Instalación Deportiva Municipal Básica Santa Hortensia,CALLE SANTA HORTENSIA 34,Corazón de María,Calle Santa Hortensia nº 31
Instalación Deportiva Municipal Básica Santa Petronila,CARRETERA ANDALUCIA S/N,,
Instalación Deportiva Municipal Básica Santa Rita,CALLE ALBA DE TORMES 2,Marqués de Vadillo,Glorieta Marqués de Vadillo nº 9
Instalación Deportiva Municipal Básica Santa Virgilia,CALLE SANTA VIRGILIA 17 posterior,Carlota O’Neill,Calle Carlota O'Neill nº 32
Instalación Deportiva Municipal Básica Santuario de Valverde (Montecarmenlo),AVENIDA SANTUARIO DE VALVERDE 41,Pedro Rico,Calle Pedro Rico nº 4
Instalación Deportiva Municipal Básica Sepúlveda,CALLE SEPULVEDA 220,Caramuel,Calle Caramuel nº 51
Instalación Deportiva Municipal Básica Seseña,CALLE SESEÑA 2,Caramuel,Calle Caramuel nº 51
Instalación Deportiva Municipal Básica Sierra Elvira,CALLE SIERRA ELVIRA 37,Doctor Lozano,Calle Sierra Toledana nº 33
Instalación Deportiva Municipal Básica Sierra del Valle,CALLE ARROYO DEL OLIVAR s/n,,
Instalación Deportiva Municipal Básica Sinesio Delgado,CALLE ISLA DE OZA 61,Francos Rodríguez,Calle Francos Rodríguez nº 62
Instalación Deportiva Municipal Básica Soto Hidalgo,CALLE RIAÑO 1,Gutierre de Cetina,Calle Gutierre de Cetina nº 77
Instalación Deportiva Municipal Básica Talbot,CALLE TALBOT 3,Glorieta de Cádiz,Calle Antonio López nº 129
Instalación Deportiva Municipal Básica Telémaco,CALLE TELEMACO s/n,Carlota O’Neill,Calle Carlota O'Neill nº 32
Instalación Deportiva Municipal Básica Tercio Terol,CALLE CHINDASVINTO s/n,Marqués de Vadillo,Glorieta Marqués de Vadillo nº 9
Instalación Deportiva Municipal Básica Torrelaguna (La Colina),CALLE TORRELAGUNA s/n,Condesa de Venadito,Calle Condesa de Venadito nº 2
Instalación Deportiva Municipal Básica Torrespaña - Fuente del Berro,CALLE NUDO M-30 C/V ALCALDE SAINZ DE BARANDA 94,Quinta Fuente del Berro,Calle Sancho Dávila esquina Paseo Marqués de Zafra
Instalación Deportiva Municipal Básica Tres Olivos I Pádel,CALLE CUEVA DE MONTESINOS 27,Pedro Rico,Calle Pedro Rico nº 4
Instalación Deportiva Municipal Básica Tres Olivos II,AVENIDA CAMPO DE CALATRAVA 3,Pedro Rico,Calle Pedro Rico nº 4
Instalación Deportiva Municipal Básica Tribaldos,CALLE TRIBALDOS 37,Carlota O’Neill,Calle Carlota O'Neill nº 32
Instalación Deportiva Municipal Básica Tribaldos II,CALLE TRIBALDOS 34,Carlota O’Neill,Calle Carlota O'Neill nº 32
Instalación Deportiva Municipal Básica Trinquete,CALLE VELACHO BAJO 3,Pío XII,Avenida Pío XII nº 3
Instalación Deportiva Municipal Básica UVA Pan Bendito,UVA PAN BENDITO s/n,Marqués de Vadillo,Glorieta Marqués de Vadillo nº 9
Instalación Deportiva Municipal Básica UVA de Vallecas,CALLE MONTE DE MONTJUICH 9,Pavones,Calle Hacienda de Pavones nº 342
Instalación Deportiva Municipal Básica Urbanización Arroyo del Santo,AVENIDA PRUNOS 100,Carlota O’Neill,Calle Carlota O'Neill nº 32
Instalación Deportiva Municipal Básica Urbis,AVENIDA DOCTOR GARCIA TAPIA 117,Marroquina,Calle Camino de los Vinateros nº 108
Instalación Deportiva Municipal Básica Valdebernardo,CALLE CORDEL DE PAVONES 9,Pavones,Calle Hacienda de Pavones nº 342
Instalación Deportiva Municipal Básica Valdelasierra,CALLE VALDELASIERRA 7,Madrid Río-Yeserías,Paseo de Yeserías nº 45
Instalación Deportiva Municipal Básica Valderriba,AVENIDA GRAN VIA DEL ESTE 14,Pavones,Calle Hacienda de Pavones nº 342
Instalación Deportiva Municipal Básica Valderromán,CALLE VALDERROMAN 22,Francos Rodríguez,Calle Francos Rodríguez nº 62
Instalación Deportiva Municipal Básica Valdetorres,CALLE VALDETORRES DE JARAMA 29,Carlota O’Neill,Calle Carlota O'Neill nº 32
Instalación Deportiva Municipal Básica Valdeyeros,CALLE ROSALIA DE CASTRO 77,Facultad Derecho,Avenida Complutense nº 23
Instalación Deportiva Municipal Básica Valle Inclán,CALLE VALLE INCLÁN s/n,Caramuel,Calle Caramuel nº 51
Instalación Deportiva Municipal Básica Vereda de Ganapanes,CALLE BECERREA 4,Francos Rodríguez,Calle Francos Rodríguez nº 62
Instalación Deportiva Municipal Básica Via Lusitana,CALLE VIA LUSITANA 19,Marqués de Vadillo,Glorieta Marqués de Vadillo nº 9
Instalación Deportiva Municipal Básica Villa de Pons - Avenida de San Luis,AVENIDA SAN LUIS 23,Pío XII,Avenida Pío XII nº 3
Instalación Deportiva Municipal Básica Villabona,CALLE VILLABONA 4,Glorieta de Cádiz,Calle Antonio López nº 129
Instalación Deportiva Municipal Básica Villalonso,CALLE VILLALONSO 8,Glorieta de Cádiz,Calle Antonio López nº 129
Instalación Deportiva Municipal Básica Virgen de la Estrella,PLAZUELA VIRGEN DE LA ESTRELLA 1,Niño Jesús,Calle Doctor Esquerdo nº 161
Instalación Deportiva Municipal Básica Virgen del Cortijo,CALLE OÑA 18,Manuel Caldeiro,Paseo de la Castellana nº 298
Instalación Deportiva Municipal Básica Vital Aza,CALLE VITAL AZA s/n,Gutierre de Cetina,Calle Gutierre de Cetina nº 77
Instalación Deportiva Municipal Básica Yeseros,CALLE YESEROS 1,Pavones,Calle Hacienda de Pavones nº 342
Instalación Deportiva Municipal Básica Yeserías I,PASEO YESERIAS 1,Pirámides,Calle Toledo nº 181
Instalación Deportiva Municipal Básica Zazuar,CALLE ZAZUAR 1,Pavones,Calle Hacienda de Pavones nº 342
Instalación Deportiva Municipal Básica Zofío,CALLE RICARDO BELTRAN Y ROZPIDE 12,,
Instalación Deportiva Municipal Básica de Ribadeo y Verín,PLAZAS INTERIORES ENTRE PLAZA RIBADEO 1,Remonta,Calle Azucenas nº 1
Instalación Deportiva Municipal Básica del Poblado Dirigido (Olesa de Montserrat),AVENIDA CARDENAL HERRERA ORIA 108,Pedro Rico,Calle Pedro Rico nº 4
Instalación Deportiva Municipal Básica paseo de la Vaguada,PASEO VAGUADA 13,Remonta,Calle Azucenas nº 1
Instalación Deportiva Municipal Básica poblado de Santa Ana,CALLE Braille 15,Pedro Rico,Calle Pedro Rico nº 4
Instalación Deportiva Municipal Canal de Remo Puente de la Princesa,PASARELA SUR DEL PUENTE DE LA PRINCESA s/n,Glorieta de Cádiz,Calle Antonio López nº 129
Instalación Deportiva Municipal Embajadores M-30,CALLE PUERTO DE LA CRUZ VERDE 29,,
Instalación Deportiva Municipal Nave de Terneras,PASEO CHOPERA 10,Entrada Matadero,Paseo de la Chopera nº 14
Instalación Deportiva Municipal Parque Calle Vado,CALLE ANTONIO LOPEZ 189,Glorieta de Cádiz,Calle Antonio López nº 129
Instalación Deportiva Municipal Parque Lineal del Manzanares Victoriano González,CALLE EMBAJADORES 324,,
Instalación Deportiva Municipal Puente de Praga,AVENIDA MANZANARES 176,,
Instalación Deportiva Municipal Pádel  Marqués de Monistrol,CALLE RIBERA DEL MANZANARES 1,Paseo de la Florida,Paseo de la Florida nº 8
Instalación Deportiva Municipal Rocódromo 'Roc 30',AVENIDA MANZANARES 108,Marqués de Vadillo,Glorieta Marqués de Vadillo nº 9
Instalación deportiva municipal básica Campo de Fútbol Gabriel Fernández,CALLE CUART DE POBLET 0,Puerta del Sol A,Puerta del Sol nº 1
Parque Lineal UZI 0.06 Arroyofresno,CALLE MARIA DE MAEZTU 1,Facultad Derecho,Avenida Complutense nº 23
Pista de Patinaje Paco de Lucía,AUDITORIO PACO DE LUCIA s/n,Caramuel,Calle Caramuel nº 51
Pista de petanca Centro de Mayores La Vaguada,AVENIDA MONFORTE DE LEMOS 36,Remonta,Calle Azucenas nº 1
